transaction_id,date,product,category,quantity,unit_price,total,customer_id,region,payment_method
TXN102575,2025-04-11,Laptop,Computers,4,42730.98,170923.92,CUST1125,Kisumu,Card
TXN102990,2025-09-16,Monitor,Computers,1,29046.96,29046.96,CUST1064,Nairobi,Mobile Money
TXN102592,11/07/2025,Monitor,Computers,4,1182.24,4728.96,CUST1017,Eldoret,Mobile Money
TXN101801,2025-06-28,Tablet,Mobile,3,,9905.7,CUST1013,Eldoret,Cash
TXN100945,2025-09-27,Tablet,Mobile,1,13216.83,13216.83,CUST1384,Kisumu,Bank Transfer
TXN101081,2025-12-04,Phone,Mobile,1,3434.95,3434.95,CUST1262,Eldoret,Card
TXN102848,2025-12-10,Keyboard,Accessories,1,30371.76,30371.76,CUST1397,Mombasa,Bank Transfer
TXN102522,07/04/2025,Laptop,Computers,3,16287.67,48863.01,CUST1279,Kisumu,Card
TXN100079,2025-03-04,Keyboard,Accessories,622,82613.57,165227.14,CUST1233,,Bank Transfer
TXN100889,16/11/2025,Headphones,Accessories,5,51975.27,259876.35,CUST1181,,Bank Transfer
TXN100592,01/10/2025,Monitor,Computers,4,917.89,3671.56,CUST1102,Kisumu,Card
TXN102030,08/11/2025,Phone,Mobile,2,13932.92,27865.84,CUST1398,Nairobi,Mobile Money
TXN100121,2025-04-26,Keyboard,Accessories,5,71271.3,356356.5,CUST1397,Eldoret,Bank Transfer
TXN101442,2025-05-04,  Laptop ,Computers,4,,239225.88,CUST1124,Mombasa,Mobile Money
TXN102326,2025-12-12,Keyboard,Accessories,3,75047.21,225141.63,CUST1109,Eldoret,Cash
TXN101844,2025-11-12,Monitor,Computers,5,25403.93,127019.65,CUST1160,Nairobi,Cash
TXN100095,03/05/2025,  Phone ,Mobile,1,56109.54,56109.54,CUST1064,Nakuru,Card
TXN101251,29/10/2025,Laptop,Computers,2,13221.51,26443.02,CUST1215,Nairobi,Cash
TXN101464,2025-03-18,Keyboard,Accessories,3,53608.62,160825.86,CUST1321,Nakuru,Mobile Money
TXN100305,19/02/2025,Keyboard,Accessories,5,11133.59,55667.95,CUST1201,Kisumu,CASH
TXN101936,2025-04-13,Phone,Mobile,2,24915.55,49831.1,CUST1090,Kisumu,Cash
TXN102675,25/04/2025,Phone,Mobile,1,17053.44,17053.44,CUST1150,Mombasa,Bank Transfer
TXN102370,09/09/2025,Keyboard,Accessories,1,62990.38,62990.38,CUST1089,Nakuru,Cash
TXN102977,05/12/2025,Monitor,Computers,5,89553.08,447765.4,CUST1328,Nakuru,Card
TXN100423,2025-05-05,Tablet,Mobile,2,83728.06,167456.12,CUST1264,Mombasa,Mobile Money
TXN102547,2025-03-06,Monitor,Computers,2,65723.0,131446.0,CUST1086,Eldoret,Mobile Money
TXN102934,2025-12-01,  Laptop ,Computers,4,,93098.36,CUST1188,Kisumu,Bank Transfer
TXN101807,2025-12-01,Headphones,Accessories,3,59501.08,178503.24,CUST1395,Eldoret,CARD
TXN102101,2025-11-11,Tablet,Mobile,5,33219.65,166098.25,CUST1342,Nairobi,Bank Transfer
TXN102057,2025-06-16,Headphones,Accessories,4,71287.34,285149.36,CUST1285,Eldoret,Mobile Money
TXN102352,2025-06-16,  Tablet ,Mobile,3,44281.61,132844.83,CUST1374,Kisumu,Bank Transfer
TXN101312,2025-03-17,Keyboard,Accessories,5,69906.86,349534.3,CUST1240,Kisumu,CASH
TXN100720,16/03/2025,Monitor,Computers,1,72491.06,72491.06,CUST1241,Eldoret,BANK TRANSFER
TXN100259,2025-06-23,Phone,Mobile,1,32030.76,32030.76,CUST1329,Mombasa,Bank Transfer
TXN100842,2025-12-04,Monitor,Computers,3,,179510.58,CUST1184,Nairobi,Card
TXN100034,2025-01-28,  Monitor ,Computers,4,42298.71,169194.84,CUST1344,Nairobi,Card
TXN101163,2025-05-01,  Keyboard ,Accessories,1,5164.08,5164.08,CUST1241,Kisumu,CARD
TXN100838,2025-10-03,Laptop,Computers,3,19206.35,57619.05,CUST1108,Mombasa,Cash
TXN101538,14/04/2025,Headphones,Accessories,4,89073.19,356292.76,CUST1273,Mombasa,CARD
TXN100296,2025-05-17,Headphones,Accessories,2,,84498.58,CUST1230,,Mobile Money
TXN101634,2025-06-30,  Tablet ,Mobile,4,37557.81,150231.24,CUST1180,Eldoret,Bank Transfer
TXN101851,12/03/2025,Monitor,Computers,4,24043.56,96174.24,CUST1142,Nairobi,Cash
TXN101234,2025-07-19,Laptop,Computers,1,48600.3,48600.3,CUST1371,Mombasa,Cash
TXN101238,2025-01-25,  Headphones ,Accessories,5,32225.36,161126.8,CUST1387,Nairobi,Bank Transfer
TXN102241,17/08/2025,  Keyboard ,Accessories,3,52718.64,158155.92,CUST1243,Kisumu,Mobile Money
TXN102947,2025-09-01,  Keyboard ,Accessories,3,62114.85,186344.55,CUST1308,Eldoret,Mobile Money
TXN101568,25/04/2025,Monitor,Computers,2,89173.74,178347.48,CUST1052,Kisumu,Cash
TXN101418,26/03/2025,Keyboard,Accessories,2,78902.55,157805.1,CUST1218,Kisumu,Cash
TXN101271,2025-10-28,Laptop,Computers,3,50089.74,150269.22,CUST1345,Nairobi,Mobile Money
TXN100742,2025-10-23,Keyboard,Accessories,3,36110.22,108330.66,CUST1065,,Bank Transfer
TXN100361,2025-06-03,Tablet,Mobile,4,37039.2,148156.8,CUST1192,Mombasa,Bank Transfer
TXN102003,02/12/2025,  Keyboard ,Accessories,3,68782.67,206348.01,CUST1088,Nairobi,BANK TRANSFER
TXN100125,2025-11-01,Laptop,Computers,4,40820.08,163280.32,CUST1240,Kisumu,Card
TXN102391,2025-09-18,Tablet,Mobile,2,43403.24,86806.48,CUST1208,Mombasa,Mobile Money
TXN100612,24/07/2025,Headphones,Accessories,2,,21375.92,CUST1233,Kisumu,Bank Transfer
TXN102180,18/10/2025,Headphones,Accessories,4,27910.62,111642.48,CUST1288,Kisumu,Card
TXN102882,2025-08-04,  Headphones ,Accessories,1,79686.69,79686.69,CUST1359,Kisumu,BANK TRANSFER
TXN100762,2025-07-23,Tablet,Mobile,1,19346.15,19346.15,CUST1052,Nairobi,Card
TXN101946,12/01/2025,Phone,Mobile,4,49436.64,197746.56,CUST1224,Eldoret,Bank Transfer
TXN100280,2025-04-13,Keyboard,Accessories,2,11361.94,22723.88,CUST1071,Mombasa,Bank Transfer
TXN102309,21/01/2025,Headphones,Accessories,5,68205.98,341029.9,CUST1261,Nairobi,Mobile Money
TXN102031,2025-11-23,Headphones,Accessories,4,41609.29,166437.16,CUST1006,Eldoret,Mobile Money
TXN102767,04/01/2025,Headphones,Accessories,849,12683.21,12683.21,CUST1020,Nairobi,Mobile Money
TXN101838,2025-09-02,  Tablet ,Mobile,4,26391.56,105566.24,CUST1358,Mombasa,Mobile Money
TXN102215,26/11/2025,Phone,Mobile,3,41852.17,125556.51,CUST1028,Nakuru,Bank Transfer
TXN102358,2025-03-02,  Laptop ,Computers,3,41007.64,123022.92,CUST1216,Kisumu,BANK TRANSFER
TXN100456,17/11/2025,Tablet,Mobile,2,5134.96,10269.92,CUST1156,Mombasa,BANK TRANSFER
TXN101512,04/01/2025,Monitor,Computers,1,82223.27,82223.27,CUST1079,Kisumu,Mobile Money
TXN101276,20/11/2025,Tablet,Mobile,4,89932.15,359728.6,CUST1108,Eldoret,Cash
TXN102515,28/11/2025,Laptop,Computers,4,7631.08,30524.32,CUST1125,Nakuru,Card
TXN100377,2025-07-31,Tablet,Mobile,1,68908.33,68908.33,CUST1070,Mombasa,Card
TXN100801,2025-06-15,Keyboard,Accessories,2,55367.01,110734.02,CUST1209,Kisumu,Card
TXN100430,30/10/2025,Tablet,Mobile,3,82722.09,248166.27,CUST1043,Mombasa,Cash
TXN101774,2025-10-04,Monitor,Computers,2,5107.37,10214.74,CUST1169,Nairobi,MOBILE MONEY
TXN100836,2025-01-28,Tablet,Mobile,1,10557.27,10557.27,CUST1124,Eldoret,Mobile Money
TXN100362,29/12/2025,  Phone ,Mobile,2,27415.91,54831.82,CUST1073,Nakuru,Card
TXN102963,28/05/2025,Headphones,Accessories,4,71818.93,287275.72,CUST1031,Mombasa,Cash
TXN100356,2025-04-30,Phone,Mobile,1,36502.75,36502.75,CUST1276,Mombasa,Card
TXN102080,2025-04-28,Laptop,Computers,3,78414.77,235244.31,CUST1336,Mombasa,Mobile Money
TXN102373,2025-04-25,Monitor,Computers,1,27553.76,27553.76,CUST1174,Eldoret,Bank Transfer
TXN102635,2025-10-12,Tablet,Mobile,1,33469.28,33469.28,CUST1357,Eldoret,Mobile Money
TXN101122,2025-02-09,Monitor,Computers,2,31584.83,63169.66,CUST1333,Kisumu,Cash
TXN101693,2025-12-31,Laptop,Computers,3,69075.08,207225.24,CUST1042,Kisumu,Mobile Money
TXN101587,16/08/2025,Monitor,Computers,4,65168.89,260675.56,CUST1400,Nairobi,Cash
TXN100482,29/01/2025,Monitor,Computers,4,46214.98,184859.92,CUST1255,Eldoret,Mobile Money
TXN101799,10/01/2025,Headphones,Accessories,5,34862.3,174311.5,CUST1195,Nakuru,Bank Transfer
TXN102779,2025-01-05,Keyboard,Accessories,1,,5779.11,CUST1046,Eldoret,Mobile Money
TXN101267,15/06/2025,  Headphones ,Accessories,2,37447.64,74895.28,CUST1132,Nakuru,Card
TXN101340,2025-04-30,Monitor,Computers,1,16571.13,16571.13,CUST1135,Nairobi,Cash
TXN100186,04/08/2025,Phone,Mobile,3,5189.71,15569.13,CUST1269,Nairobi,CARD
TXN102059,31/10/2025,Phone,Mobile,3,65195.0,195585.0,CUST1240,Nairobi,Bank Transfer
TXN101627,2025-01-06,Tablet,Mobile,5,35327.85,176639.25,CUST1287,Eldoret,Mobile Money
TXN102953,2025-02-15,Monitor,Computers,2,3760.41,7520.82,CUST1373,Eldoret,Bank Transfer
TXN100124,2025-03-30,Tablet,Mobile,1,,14556.61,CUST1282,Nairobi,Mobile Money
TXN101098,2025-12-08,Tablet,Mobile,4,32370.71,129482.84,CUST1308,Nakuru,Bank Transfer
TXN102261,2025-02-08,Keyboard,Accessories,2,70209.46,140418.92,CUST1004,Nairobi,Cash
TXN101742,10/12/2025,Laptop,Computers,4,11771.26,47085.04,CUST1003,Nakuru,Bank Transfer
TXN101141,2025-11-07,Headphones,Accessories,1,58263.08,58263.08,CUST1017,Nairobi,Mobile Money
TXN100864,20/10/2025,Monitor,Computers,5,84552.95,422764.75,CUST1304,Eldoret,Card
TXN102611,2025-10-07,Headphones,Accessories,3,14755.06,44265.18,CUST1075,Eldoret,Bank Transfer
TXN101376,20/07/2025,Phone,Mobile,3,11611.55,34834.65,CUST1086,Nairobi,Card
TXN102672,2025-10-02,Laptop,Computers,5,26951.5,134757.5,CUST1187,Eldoret,Bank Transfer
TXN102537,2025-02-17,Headphones,Accessories,3,17037.47,51112.41,CUST1070,Eldoret,Card
TXN102389,10/08/2025,Phone,Mobile,3,36872.04,110616.12,CUST1021,Kisumu,Bank Transfer
TXN100234,2025-12-10,Tablet,Mobile,5,8864.04,44320.2,CUST1216,Eldoret,Cash
TXN100735,05/01/2025,Monitor,Computers,3,46727.13,140181.39,CUST1358,Kisumu,MOBILE MONEY
TXN101697,16/09/2025,Tablet,Mobile,4,59148.4,236593.6,CUST1054,Mombasa,MOBILE MONEY
TXN100502,2025-12-18,Headphones,Accessories,1,8592.67,8592.67,CUST1155,Eldoret,Card
TXN101765,07/02/2025,Laptop,Computers,1,76288.77,76288.77,CUST1226,Kisumu,Card
TXN100879,04/11/2025,Monitor,Computers,4,,160191.36,CUST1307,,Mobile Money
TXN102413,23/04/2025,Headphones,Accessories,4,22040.88,88163.52,CUST1316,Eldoret,Cash
TXN100267,05/12/2025,Headphones,Accessories,1,7666.17,7666.17,CUST1151,Kisumu,Bank Transfer
TXN100180,2025-03-04,Laptop,Computers,4,25191.39,100765.56,CUST1232,Nairobi,Mobile Money
TXN101338,20/09/2025,Phone,Mobile,5,4182.29,20911.45,CUST1318,Kisumu,Bank Transfer
TXN101856,23/04/2025,Keyboard,Accessories,4,78554.28,314217.12,CUST1344,Mombasa,Cash
TXN101788,02/10/2025,Keyboard,Accessories,1,20827.77,20827.77,CUST1290,Nairobi,Card
TXN100871,21/12/2025,Monitor,Computers,1,22882.37,22882.37,CUST1332,Mombasa,Card
TXN102969,2025-12-19,  Monitor ,Computers,1,30160.97,30160.97,CUST1023,Nakuru,Bank Transfer
TXN102913,2025-12-16,Headphones,Accessories,4,89878.28,359513.12,CUST1140,Eldoret,Bank Transfer
TXN102540,2025-10-09,Headphones,Accessories,3,75811.31,227433.93,CUST1386,Eldoret,Card
TXN102589,2025-06-01,Phone,Mobile,2,18189.2,36378.4,CUST1235,Nairobi,Bank Transfer
TXN102108,2025-01-06,Phone,Mobile,2,36010.34,72020.68,CUST1292,,Bank Transfer
TXN102408,17/05/2025,Keyboard,Accessories,5,38134.14,190670.7,CUST1026,Nakuru,Bank Transfer
TXN102905,2025-11-03,Laptop,Computers,1,55425.89,55425.89,CUST1347,Mombasa,CARD
TXN102415,2025-07-16,Phone,Mobile,2,72611.07,145222.14,CUST1104,Eldoret,Card
TXN101209,01/03/2025,Headphones,Accessories,4,80078.08,320312.32,CUST1253,Eldoret,Cash
TXN102808,2025-03-27,Laptop,Computers,2,58040.59,116081.18,CUST1398,Eldoret,Cash
TXN100444,28/03/2025,Keyboard,Accessories,3,53918.76,161756.28,CUST1165,Kisumu,Cash
TXN101183,2025-04-17,Monitor,Computers,1,2335.83,2335.83,CUST1083,Nakuru,BANK TRANSFER
TXN101180,2025-06-16,Laptop,Computers,5,85605.19,428025.95,CUST1374,Eldoret,Mobile Money
TXN102074,23/06/2025,Laptop,Computers,2,58481.67,116963.34,CUST1232,Eldoret,Bank Transfer
TXN102754,2025-02-25,Laptop,Computers,3,26781.67,80345.01,CUST1167,Kisumu,Mobile Money
TXN101067,2025-05-13,  Keyboard ,Accessories,4,51118.93,204475.72,CUST1321,Nakuru,CARD
TXN100632,25/02/2025,Monitor,Computers,2,64652.52,129305.04,CUST1387,Nakuru,Card
TXN102196,01/10/2025,Tablet,Mobile,3,66663.51,199990.53,CUST1014,Nairobi,Cash
TXN100640,2025-03-09,Tablet,Mobile,3,82946.66,248839.98,CUST1363,Mombasa,Cash
TXN102394,2025-08-26,  Headphones ,Accessories,3,35697.43,107092.29,CUST1332,Kisumu,Cash
TXN101032,2025-05-17,Tablet,Mobile,2,29181.51,58363.02,CUST1257,Nakuru,Cash
TXN102075,2025-01-04,Laptop,Computers,4,51939.04,207756.16,CUST1319,Nakuru,CARD
TXN101884,2025-07-28,Monitor,Computers,1,20391.64,20391.64,CUST1287,Kisumu,Bank Transfer
TXN102085,08/09/2025,Phone,Mobile,2,11272.07,22544.14,CUST1379,Eldoret,Cash
TXN102631,2025-01-22,Headphones,Accessories,3,,204931.17,CUST1095,Nakuru,Mobile Money
TXN102498,2025-12-29,Phone,Mobile,3,67202.67,201608.01,CUST1216,Kisumu,Mobile Money
TXN100206,2025-11-13,Laptop,Computers,2,14588.19,29176.38,CUST1025,Nairobi,Cash
TXN100694,2025-12-01,Monitor,Computers,4,33194.06,132776.24,CUST1039,Eldoret,Cash
TXN101758,19/03/2025,Keyboard,Accessories,1,16117.47,16117.47,CUST1180,Eldoret,Cash
TXN102067,27/12/2025,Headphones,Accessories,2,61151.36,122302.72,CUST1132,Kisumu,Card
TXN100340,21/08/2025,Phone,Mobile,2,43297.28,86594.56,CUST1382,Eldoret,CASH
TXN100984,2025-03-13,Laptop,Computers,4,66311.51,265246.04,CUST1018,Mombasa,Card
TXN100855,2025-11-23,Monitor,Computers,4,27649.66,110598.64,CUST1378,Kisumu,Mobile Money
TXN101320,2025-01-04,Monitor,Computers,2,74434.55,148869.1,CUST1185,Nairobi,CARD
TXN102978,30/10/2025,Headphones,Accessories,1,33704.12,33704.12,CUST1219,Mombasa,Cash
TXN102260,2025-04-01,Phone,Mobile,1,22245.01,22245.01,CUST1191,Nairobi,MOBILE MONEY
TXN100929,01/02/2025,Headphones,Accessories,4,,232906.12,CUST1046,Mombasa,Mobile Money
TXN102421,16/04/2025,Laptop,Computers,5,68972.5,344862.5,CUST1344,Nakuru,BANK TRANSFER
TXN100848,2025-04-26,Laptop,Computers,5,85445.92,427229.6,CUST1077,Kisumu,Bank Transfer
TXN102310,2025-03-13,Monitor,Computers,1,83461.91,83461.91,CUST1077,Nairobi,Mobile Money
TXN101459,2025-10-25,Laptop,Computers,2,29445.96,58891.92,CUST1027,Kisumu,Bank Transfer
TXN100981,2025-08-24,Keyboard,Accessories,3,7700.88,23102.64,CUST1389,Kisumu,Mobile Money
TXN102564,26/11/2025,Keyboard,Accessories,4,31631.95,126527.8,CUST1114,Nakuru,Mobile Money
TXN101435,2025-05-08,Keyboard,Accessories,3,85620.04,256860.12,CUST1188,Nakuru,Bank Transfer
TXN101382,23/01/2025,Laptop,Computers,2,65299.03,130598.06,CUST1212,Eldoret,CARD
TXN102769,2025-03-01,Phone,Mobile,2,58017.22,116034.44,CUST1166,,CARD
TXN100852,2025-09-26,Phone,Mobile,3,62123.62,186370.86,CUST1069,Nakuru,Mobile Money
TXN100375,2025-06-30,Tablet,Mobile,4,41744.2,166976.8,CUST1086,Mombasa,Bank Transfer
TXN101561,18/11/2025,Phone,Mobile,1,24455.25,24455.25,CUST1307,Nairobi,Card
TXN100194,2025-07-31,Monitor,Computers,4,,319936.6,CUST1173,Nakuru,BANK TRANSFER
TXN100832,2025-10-22,Headphones,Accessories,4,29445.34,117781.36,CUST1045,Nairobi,BANK TRANSFER
TXN100651,11/05/2025,Phone,Mobile,2,52766.75,105533.5,CUST1002,Kisumu,Bank Transfer
TXN100587,2025-03-19,Monitor,Computers,1,78441.0,78441.0,CUST1070,Mombasa,Cash
TXN101583,2025-08-06,Tablet,Mobile,1,,62802.97,CUST1190,Nairobi,Card
TXN100652,2025-06-15,Tablet,Mobile,2,4074.68,8149.36,CUST1305,Nairobi,Cash
TXN101070,2025-11-22,Laptop,Computers,3,32824.13,98472.39,CUST1182,Nairobi,Cash
TXN100171,2025-10-02,Laptop,Computers,4,1745.72,6982.88,CUST1063,,Cash
TXN102329,18/07/2025,Phone,Mobile,4,85238.16,340952.64,CUST1368,Kisumu,Bank Transfer
TXN100737,2025-10-21,Monitor,Computers,3,32141.64,96424.92,CUST1137,Mombasa,Mobile Money
TXN102259,13/06/2025,Monitor,Computers,1,72590.03,72590.03,CUST1260,Nairobi,CARD
TXN102810,2025-01-03,Laptop,Computers,5,74180.8,370904.0,CUST1295,Nakuru,Bank Transfer
TXN101170,2025-03-18,Keyboard,Accessories,4,5263.39,21053.56,CUST1027,Mombasa,Mobile Money
TXN102033,01/10/2025,  Keyboard ,Accessories,1,24796.88,24796.88,CUST1379,Eldoret,Card
TXN101436,02/01/2025,Keyboard,Accessories,4,59590.44,238361.76,CUST1326,Kisumu,Card
TXN100318,09/04/2025,Tablet,Mobile,3,55101.85,165305.55,CUST1126,Kisumu,CASH
TXN100750,2025-01-05,Phone,Mobile,2,42832.34,85664.68,CUST1090,Nakuru,Bank Transfer
TXN101061,2025-05-20,Laptop,Computers,1,37146.73,37146.73,CUST1212,Mombasa,BANK TRANSFER
TXN101493,2025-07-19,Laptop,Computers,2,28960.68,57921.36,CUST1092,,Bank Transfer
TXN100884,15/06/2025,Laptop,Computers,1,69281.82,69281.82,CUST1188,Nakuru,Card
TXN101541,2025-09-15,Monitor,Computers,5,83854.24,419271.2,CUST1011,Mombasa,Cash
TXN102159,2025-10-22,Keyboard,Accessories,5,36265.71,181328.55,CUST1198,,Cash
TXN101398,2025-12-07,Keyboard,Accessories,1,81643.57,81643.57,CUST1127,Mombasa,Bank Transfer
TXN101531,2025-08-30,  Laptop ,Computers,3,19471.99,58415.97,CUST1143,Eldoret,Card
TXN100568,22/11/2025,Headphones,Accessories,4,,182835.24,CUST1063,Nairobi,Mobile Money
TXN102365,2025-11-20,  Laptop ,Computers,2,65322.94,130645.88,CUST1048,Nakuru,Bank Transfer
TXN102323,2025-05-14,Headphones,Accessories,2,,59543.4,CUST1201,Nairobi,Cash
TXN101724,2025-07-20,Tablet,Mobile,3,79975.54,239926.62,CUST1301,Nakuru,Cash
TXN102908,2025-10-12,Keyboard,Accessories,5,67867.22,339336.1,CUST1202,Mombasa,Bank Transfer
TXN101812,2025-03-07,Headphones,Accessories,3,78280.46,234841.38,CUST1116,Mombasa,MOBILE MONEY
TXN100513,2025-04-13,Headphones,Accessories,4,12782.62,51130.48,CUST1329,Eldoret,Mobile Money
TXN101306,08/08/2025,Monitor,Computers,4,42046.71,168186.84,CUST1317,Eldoret,CARD
TXN102043,2025-05-26,  Headphones ,Accessories,5,43753.53,218767.65,CUST1330,Kisumu,Cash
TXN100131,10/08/2025,Monitor,Computers,1,54024.28,54024.28,CUST1376,Kisumu,Cash
TXN102102,23/04/2025,Monitor,Computers,5,18067.7,90338.5,CUST1263,Mombasa,Mobile Money
TXN101783,2025-06-05,Tablet,Mobile,3,39120.64,117361.92,CUST1400,Mombasa,Card
TXN102782,2025-04-03,Tablet,Mobile,4,16336.23,65344.92,CUST1179,Nakuru,Bank Transfer
TXN101352,2025-01-17,Headphones,Accessories,5,2579.97,12899.85,CUST1071,Mombasa,Cash
TXN101609,2025-02-15,Headphones,Accessories,5,33017.88,165089.4,CUST1036,Mombasa,Bank Transfer
TXN102438,06/05/2025,Phone,Mobile,5,83927.43,419637.15,CUST1004,Kisumu,Mobile Money
TXN102157,11/01/2025,Laptop,Computers,3,22309.38,66928.14,CUST1313,Nakuru,Bank Transfer
TXN102223,2025-05-02,Headphones,Accessories,5,35115.66,175578.3,CUST1349,Nakuru,Cash
TXN102114,03/03/2025,Phone,Mobile,4,74791.98,299167.92,CUST1281,Kisumu,Mobile Money
TXN101910,2025-01-01,  Phone ,Mobile,2,43054.03,86108.06,CUST1165,Nairobi,Card
TXN102580,2025-02-19,Tablet,Mobile,2,20053.11,40106.22,CUST1018,Kisumu,Card
TXN102879,2025-07-01,Laptop,Computers,5,38405.29,192026.45,CUST1218,Nairobi,Bank Transfer
TXN100769,2025-02-15,Headphones,Accessories,4,48800.3,195201.2,CUST1226,Kisumu,Cash
TXN100631,2025-04-07,Laptop,Computers,3,55171.23,165513.69,CUST1061,Nakuru,Mobile Money
TXN100203,2025-03-15,Headphones,Accessories,1,,16735.8,CUST1289,Nakuru,Card
TXN101680,2025-10-22,Headphones,Accessories,1,58108.16,58108.16,CUST1002,Nakuru,Cash
TXN102200,08/01/2025,Phone,Mobile,5,57817.69,289088.45,CUST1023,Nakuru,MOBILE MONEY
TXN100562,2025-04-27,Tablet,Mobile,1,87538.45,87538.45,CUST1068,Kisumu,BANK TRANSFER
TXN102980,2025-03-09,Phone,Mobile,1,84922.49,84922.49,CUST1220,Kisumu,Bank Transfer
TXN102927,2025-11-01,Phone,Mobile,1,15973.58,15973.58,CUST1183,Nakuru,Card
TXN100358,14/06/2025,Keyboard,Accessories,5,69642.17,348210.85,CUST1121,Kisumu,Mobile Money
TXN101159,29/07/2025,Headphones,Accessories,2,37940.62,75881.24,CUST1074,Nairobi,Cash
TXN101263,2025-06-12,Monitor,Computers,1,,77438.53,CUST1195,Kisumu,Card
TXN101313,2025-09-23,Headphones,Accessories,3,87339.26,262017.78,CUST1300,Mombasa,Card
TXN100662,2025-08-06,Phone,Mobile,2,77913.1,155826.2,CUST1053,Mombasa,BANK TRANSFER
TXN100485,2025-04-02,Headphones,Accessories,4,82860.28,331441.12,CUST1018,Eldoret,BANK TRANSFER
TXN101622,2025-11-22,Laptop,Computers,4,24651.41,98605.64,CUST1090,Nairobi,Mobile Money
TXN102741,31/10/2025,Phone,Mobile,5,35689.02,178445.1,CUST1201,Mombasa,MOBILE MONEY
TXN100468,2025-05-03,  Tablet ,Mobile,1,70650.24,70650.24,CUST1253,Nakuru,Card
TXN102964,2025-02-13,  Headphones ,Accessories,2,57883.22,115766.44,CUST1301,Eldoret,Card
TXN100690,2025-09-07,Headphones,Accessories,1,20084.31,20084.31,CUST1118,Nairobi,Cash
TXN101582,2025-03-02,Phone,Mobile,1,,67356.08,CUST1356,Mombasa,BANK TRANSFER
TXN101573,19/07/2025,Tablet,Mobile,2,29162.91,58325.82,CUST1228,Nakuru,Card
TXN100427,2025-04-11,Keyboard,Accessories,2,33238.48,66476.96,CUST1234,Nairobi,Cash
TXN102585,2025-02-21,Phone,Mobile,4,79928.41,319713.64,CUST1045,,Mobile Money
TXN102418,02/01/2025,Phone,Mobile,2,,51025.26,CUST1122,Kisumu,Bank Transfer
TXN100372,2025-10-11,Tablet,Mobile,2,1951.68,3903.36,CUST1299,Eldoret,Bank Transfer
TXN102194,2025-12-24,Monitor,Computers,3,69490.42,208471.26,CUST1028,Eldoret,Card
TXN100684,2025-10-25,Laptop,Computers,5,57030.57,285152.85,CUST1296,Nakuru,Mobile Money
TXN101485,2025-12-23,Tablet,Mobile,3,89584.65,268753.95,CUST1330,Mombasa,Cash
TXN102267,10/02/2025,  Monitor ,Computers,2,45928.8,91857.6,CUST1090,Mombasa,Cash
TXN100669,2025-12-05,Headphones,Accessories,4,34636.51,138546.04,CUST1015,Nakuru,Mobile Money
TXN101723,2025-08-19,Tablet,Mobile,5,80980.31,404901.55,CUST1269,Mombasa,Cash
TXN100840,29/03/2025,Keyboard,Accessories,5,4391.64,21958.2,CUST1030,Kisumu,MOBILE MONEY
TXN101903,22/11/2025,Keyboard,Accessories,2,6476.09,12952.18,CUST1286,Mombasa,Cash
TXN100798,2025-01-01,Headphones,Accessories,5,,166782.95,CUST1397,Eldoret,Bank Transfer
TXN102612,2025-02-09,Headphones,Accessories,4,47238.88,188955.52,CUST1077,Mombasa,Cash
TXN101116,2025-07-13,Keyboard,Accessories,1,88725.95,88725.95,CUST1292,Nakuru,Cash
TXN101303,09/11/2025,Laptop,Computers,4,5403.6,21614.4,CUST1320,Nakuru,Card
TXN102968,2025-05-23,Laptop,Computers,3,73654.59,220963.77,CUST1168,Eldoret,Bank Transfer
TXN100603,2025-09-12,Headphones,Accessories,1,70736.03,70736.03,CUST1101,Eldoret,MOBILE MONEY
TXN100224,2025-05-27,Monitor,Computers,1,5591.66,5591.66,CUST1039,Nairobi,Bank Transfer
TXN100868,2025-01-28,Phone,Mobile,4,26850.57,107402.28,CUST1353,Eldoret,Mobile Money
TXN100691,2025-04-16,Headphones,Accessories,2,4331.36,8662.72,CUST1265,Kisumu,BANK TRANSFER
TXN102790,21/02/2025,Tablet,Mobile,4,79399.5,317598.0,CUST1375,Nakuru,Cash
TXN102613,2025-06-10,  Keyboard ,Accessories,5,71053.73,355268.65,CUST1194,Nakuru,Card
TXN100993,2025-12-14,Laptop,Computers,2,38645.93,77291.86,CUST1205,Kisumu,Card
TXN101478,2025-05-31,Laptop,Computers,5,81463.45,407317.25,CUST1337,Eldoret,Bank Transfer
TXN100172,2025-11-23,Tablet,Mobile,3,52818.13,158454.39,CUST1190,Nairobi,Mobile Money
TXN102981,06/04/2025,Tablet,Mobile,5,52169.44,260847.2,CUST1194,Nairobi,Cash
TXN100150,2025-01-19,Tablet,Mobile,2,44831.91,89663.82,CUST1064,Eldoret,CASH
TXN100110,2025-05-05,  Headphones ,Accessories,2,36693.9,73387.8,CUST1156,Eldoret,Cash
TXN100070,2025-04-09,  Tablet ,Mobile,3,50119.92,150359.76,CUST1215,Nakuru,Mobile Money
TXN100369,25/05/2025,  Monitor ,Computers,2,49911.1,99822.2,CUST1194,Nakuru,Cash
TXN100412,2025-12-04,Tablet,Mobile,3,22160.89,66482.67,CUST1078,Nakuru,Bank Transfer
TXN102679,10/12/2025,Keyboard,Accessories,5,20225.56,101127.8,CUST1339,Eldoret,Cash
TXN102528,2025-01-22,  Headphones ,Accessories,3,,54961.86,CUST1018,Nakuru,Mobile Money
TXN101922,31/08/2025,Keyboard,Accessories,4,44381.89,177527.56,CUST1383,Eldoret,Card
TXN101038,31/08/2025,Monitor,Computers,5,83889.07,419445.35,CUST1177,Nakuru,Bank Transfer
TXN101417,16/07/2025,Laptop,Computers,1,58173.57,58173.57,CUST1203,Eldoret,Card
TXN102290,2025-06-10,Tablet,Mobile,2,81958.08,163916.16,CUST1324,Nakuru,Cash
TXN101892,2025-10-15,Laptop,Computers,3,62290.56,186871.68,CUST1250,Eldoret,Bank Transfer
TXN100030,2025-01-31,Laptop,Computers,1,63851.76,63851.76,CUST1117,Nairobi,CARD
TXN102188,2025-09-09,Phone,Mobile,2,86454.64,172909.28,CUST1096,Nakuru,Card
TXN101814,2025-04-27,Keyboard,Accessories,3,,12765.09,CUST1031,Kisumu,Cash
TXN100118,2025-04-05,  Monitor ,Computers,4,39921.96,159687.84,CUST1026,Kisumu,BANK TRANSFER
TXN100474,19/09/2025,Headphones,Accessories,1,28236.67,28236.67,CUST1104,Mombasa,Cash
TXN100891,2025-08-27,Phone,Mobile,1,11079.54,11079.54,CUST1320,Nairobi,Mobile Money
TXN102701,2025-08-21,Laptop,Computers,2,18260.31,36520.62,CUST1118,Nairobi,Mobile Money
TXN102225,2025-03-31,Phone,Mobile,2,,52348.56,CUST1198,Kisumu,Mobile Money
TXN101054,2025-10-03,Headphones,Accessories,2,2518.1,5036.2,CUST1228,Nairobi,Bank Transfer
TXN102158,2025-10-18,Monitor,Computers,5,49834.74,249173.7,CUST1098,Nakuru,Mobile Money
TXN102345,10/07/2025,  Monitor ,Computers,2,52428.96,104857.92,CUST1239,Kisumu,Cash
TXN101325,2025-02-26,Laptop,Computers,2,34413.59,68827.18,CUST1173,Mombasa,Cash
TXN101763,2025-04-29,Monitor,Computers,4,,117870.04,CUST1395,Mombasa,Card
TXN101873,2025-07-05,Tablet,Mobile,1,46919.09,46919.09,CUST1274,Mombasa,Mobile Money
TXN100433,2025-11-27,Tablet,Mobile,5,62562.25,312811.25,CUST1088,Eldoret,Mobile Money
TXN101146,2025-07-31,Laptop,Computers,4,42662.67,170650.68,CUST1170,Nakuru,Card
TXN100314,2025-08-14,  Keyboard ,Accessories,1,,17575.2,CUST1160,Nakuru,MOBILE MONEY
TXN101930,2025-10-15,Tablet,Mobile,1,28349.22,28349.22,CUST1179,Nairobi,Cash
TXN102145,25/07/2025,Keyboard,Accessories,5,58521.68,292608.4,CUST1385,Kisumu,Mobile Money
TXN100275,2025-10-15,Monitor,Computers,5,35135.37,175676.85,CUST1060,Kisumu,Cash
TXN102669,2025-01-09,  Headphones ,Accessories,5,16769.13,83845.65,CUST1365,Nakuru,Cash
TXN100803,2025-02-20,Phone,Mobile,1,43940.64,43940.64,CUST1016,Eldoret,BANK TRANSFER
TXN101869,2025-04-23,Laptop,Computers,3,43952.73,131858.19,CUST1173,Nairobi,Cash
TXN100804,2025-12-26,Tablet,Mobile,4,47561.01,190244.04,CUST1302,Kisumu,Card
TXN101051,2025-01-21,Headphones,Accessories,1,65981.83,65981.83,CUST1071,Eldoret,Card
TXN100734,2025-04-23,Laptop,Computers,4,57212.73,228850.92,CUST1346,Mombasa,Cash
TXN101181,2025-05-25,Phone,Mobile,1,72239.44,72239.44,CUST1165,Nairobi,Card
TXN101643,2025-08-01,Headphones,Accessories,3,28012.0,84036.0,CUST1344,Mombasa,Card
TXN102893,23/01/2025,  Headphones ,Accessories,2,88300.63,176601.26,CUST1130,Kisumu,CARD
TXN100414,2025-07-04,Keyboard,Accessories,1,,71269.52,CUST1359,Eldoret,Card
TXN102457,2025-09-24,Laptop,Computers,5,20073.09,100365.45,CUST1190,Nairobi,Bank Transfer
TXN101629,2025-09-13,Phone,Mobile,483,84076.84,336307.36,CUST1162,Nairobi,Bank Transfer
TXN102695,2025-01-26,Tablet,Mobile,4,56614.5,226458.0,CUST1373,Kisumu,Mobile Money
TXN102796,2025-03-01,Keyboard,Accessories,4,55203.55,220814.2,CUST1092,Nakuru,Bank Transfer
TXN101691,25/09/2025,Tablet,Mobile,4,,241228.2,CUST1270,Mombasa,BANK TRANSFER
TXN102356,2025-10-05,Monitor,Computers,3,74358.26,223074.78,CUST1326,Nairobi,Mobile Money
TXN100420,2025-06-25,Tablet,Mobile,2,31675.41,63350.82,CUST1233,Mombasa,Bank Transfer
TXN101058,2025-08-01,Phone,Mobile,4,66866.73,267466.92,CUST1226,Kisumu,Mobile Money
TXN102593,2025-03-22,Tablet,Mobile,4,10212.94,40851.76,CUST1108,Nairobi,Mobile Money
TXN102967,2025-01-09,Laptop,Computers,2,,132267.0,CUST1234,Nakuru,Mobile Money
TXN102788,22/04/2025,Monitor,Computers,2,18249.75,36499.5,CUST1289,Eldoret,Mobile Money
TXN100526,22/03/2025,Headphones,Accessories,3,29372.99,88118.97,CUST1374,Nakuru,BANK TRANSFER
TXN102142,2025-07-31,Laptop,Computers,3,9342.98,28028.94,CUST1014,Nakuru,Cash
TXN101448,2025-03-01,Headphones,Accessories,5,84380.35,421901.75,CUST1293,Kisumu,Mobile Money
TXN100877,2025-01-07,Laptop,Computers,5,69002.92,345014.6,CUST1234,Nakuru,Bank Transfer
TXN100190,2025-02-11,Monitor,Computers,4,7077.42,28309.68,CUST1164,Eldoret,Mobile Money
TXN102115,2025-10-11,  Headphones ,Accessories,3,41004.55,123013.65,CUST1042,,Mobile Money
TXN102551,05/03/2025,Headphones,Accessories,2,55666.44,111332.88,CUST1361,Nakuru,Cash
TXN101123,01/08/2025,Monitor,Computers,5,28545.09,142725.45,CUST1205,Kisumu,BANK TRANSFER
TXN102507,2025-11-08,Monitor,Computers,4,82312.42,329249.68,CUST1292,Mombasa,CASH
TXN101684,23/12/2025,Keyboard,Accessories,1,35702.81,35702.81,CUST1232,Nakuru,Card
TXN102502,2025-07-10,Tablet,Mobile,3,72118.67,216356.01,CUST1172,Nairobi,Card
TXN100920,2025-02-27,Monitor,Computers,1,6350.19,6350.19,CUST1179,,Bank Transfer
TXN100002,30/04/2025,Laptop,Computers,1,8885.72,8885.72,CUST1258,Eldoret,Card
TXN100386,2025-08-11,Tablet,Mobile,2,7900.41,15800.82,CUST1330,Kisumu,CARD
TXN100426,2025-04-16,Monitor,Computers,1,63573.84,63573.84,CUST1142,Nairobi,CARD
TXN100897,2025-10-02,Phone,Mobile,4,80339.22,321356.88,CUST1171,Nakuru,Bank Transfer
TXN100415,2025-07-01,Laptop,Computers,2,59355.35,118710.7,CUST1085,Eldoret,Card
TXN102423,2025-03-15,Monitor,Computers,5,18889.53,94447.65,CUST1360,Nairobi,Bank Transfer
TXN102858,2025-07-22,Tablet,Mobile,5,74043.19,370215.95,CUST1310,Eldoret,Bank Transfer
TXN101166,2025-06-12,Headphones,Accessories,4,12306.8,49227.2,CUST1363,Eldoret,Bank Transfer
TXN101454,2025-04-21,Tablet,Mobile,5,43306.31,216531.55,CUST1253,Kisumu,Bank Transfer
TXN101767,2025-12-14,Phone,Mobile,3,44453.72,133361.16,CUST1146,Mombasa,Mobile Money
TXN102390,2025-07-11,Laptop,Computers,2,60613.21,121226.42,CUST1200,Nakuru,Mobile Money
TXN102506,28/07/2025,Laptop,Computers,3,30268.18,90804.54,CUST1301,Nairobi,Bank Transfer
TXN102869,2025-08-16,Phone,Mobile,1,7973.32,7973.32,CUST1011,Eldoret,Cash
TXN101368,22/03/2025,Monitor,Computers,1,21952.73,21952.73,CUST1140,Eldoret,Cash
TXN100672,2025-11-02,Laptop,Computers,1,950.17,950.17,CUST1201,Eldoret,Card
TXN101489,2025-03-16,Headphones,Accessories,3,70137.35,210412.05,CUST1115,Kisumu,Card
TXN100892,2025-06-20,Keyboard,Accessories,4,37556.68,150226.72,CUST1179,Eldoret,Mobile Money
TXN102765,06/07/2025,  Tablet ,Mobile,5,38265.83,191329.15,CUST1162,Eldoret,Cash
TXN100580,2025-07-27,Headphones,Accessories,3,81668.58,245005.74,CUST1198,Nairobi,Mobile Money
TXN101958,2025-03-10,Phone,Mobile,3,68792.46,206377.38,CUST1204,Kisumu,Cash
TXN102123,2025-04-17,  Tablet ,Mobile,5,,301483.8,CUST1375,Eldoret,Card
TXN100666,2025-12-11,  Monitor ,Computers,3,2011.74,6035.22,CUST1060,Eldoret,Card
TXN101601,2025-09-15,Tablet,Mobile,1,30152.98,30152.98,CUST1051,Eldoret,Mobile Money
TXN102666,27/11/2025,Monitor,Computers,1,19470.49,19470.49,CUST1191,Eldoret,Card
TXN100933,19/09/2025,Keyboard,Accessories,1,55228.42,55228.42,CUST1206,Mombasa,Cash
TXN102578,2025-01-23,Keyboard,Accessories,2,21201.75,42403.5,CUST1104,Nakuru,Bank Transfer
TXN100736,25/06/2025,Headphones,Accessories,1,36204.29,36204.29,CUST1038,Eldoret,Mobile Money
TXN102035,22/08/2025,Tablet,Mobile,2,20936.42,41872.84,CUST1090,Nairobi,Cash
TXN101228,13/02/2025,Laptop,Computers,5,84956.03,424780.15,CUST1173,Kisumu,BANK TRANSFER
TXN100604,2025-07-03,Headphones,Accessories,544,87594.22,437971.1,CUST1360,Nakuru,Cash
TXN101351,2025-08-03,Tablet,Mobile,3,30914.09,92742.27,CUST1217,Nakuru,Cash
TXN102568,2025-12-20,Headphones,Accessories,3,47221.53,141664.59,CUST1050,Kisumu,Cash
TXN101796,2025-07-10,Tablet,Mobile,5,19363.88,96819.4,CUST1371,Mombasa,Card
TXN101966,2025-07-27,Headphones,Accessories,1,,59200.24,CUST1006,Mombasa,Cash
TXN100278,30/12/2025,Tablet,Mobile,708,60271.66,180814.98,CUST1033,Eldoret,Cash
TXN101545,2025-12-23,Phone,Mobile,5,19993.79,99968.95,CUST1004,Eldoret,Bank Transfer
TXN100151,2025-08-22,  Laptop ,Computers,4,9424.2,37696.8,CUST1007,Mombasa,Bank Transfer
TXN100943,2025-05-18,Tablet,Mobile,2,64235.63,128471.26,CUST1210,Eldoret,Cash
TXN101502,2025-01-04,Monitor,Computers,1,,55657.65,CUST1365,Nakuru,Cash
TXN102286,2025-11-20,Monitor,Computers,1,86138.68,86138.68,CUST1081,Kisumu,Cash
TXN102403,2025-05-30,Keyboard,Accessories,5,16020.7,80103.5,CUST1326,Mombasa,Mobile Money
TXN100819,2025-03-21,Laptop,Computers,1,41703.1,41703.1,CUST1070,Kisumu,Cash
TXN100895,15/01/2025,Monitor,Computers,5,55631.4,278157.0,CUST1089,,Cash
TXN100841,2025-08-27,Tablet,Mobile,5,24779.69,123898.45,CUST1335,Nairobi,Card
TXN102060,2025-11-07,Tablet,Mobile,4,22861.23,91444.92,CUST1300,,Card
TXN101533,2025-12-16,Laptop,Computers,1,60370.8,60370.8,CUST1282,Mombasa,CASH
TXN102271,2025-12-02,Headphones,Accessories,2,47984.3,95968.6,CUST1349,Kisumu,CASH
TXN100847,2025-02-01,Phone,Mobile,5,25191.11,125955.55,CUST1320,Kisumu,Bank Transfer
TXN101165,02/04/2025,Phone,Mobile,5,4180.69,20903.45,CUST1133,,Bank Transfer
TXN102297,2025-11-14,Tablet,Mobile,1,29785.69,29785.69,CUST1247,Eldoret,Mobile Money
TXN100699,03/09/2025,Headphones,Accessories,1,43595.74,43595.74,CUST1245,Mombasa,Mobile Money
TXN100142,2025-03-02,Phone,Mobile,1,41799.59,41799.59,CUST1331,Mombasa,Bank Transfer
TXN100440,2025-08-06,Tablet,Mobile,4,49398.62,197594.48,CUST1052,Mombasa,Cash
TXN100748,2025-10-20,  Monitor ,Computers,3,40840.24,122520.72,CUST1067,Eldoret,Mobile Money
TXN100099,2025-12-20,  Tablet ,Mobile,2,7301.68,14603.36,CUST1321,Mombasa,CARD
TXN102056,2025-05-12,Tablet,Mobile,2,19170.51,38341.02,CUST1150,Kisumu,Card
TXN100523,2025-06-24,  Keyboard ,Accessories,2,72676.86,145353.72,CUST1367,Mombasa,Cash
TXN102837,2025-01-02,Phone,Mobile,3,41826.26,125478.78,CUST1056,Nairobi,Card
TXN102559,2025-03-16,Tablet,Mobile,2,77269.18,154538.36,CUST1105,Nakuru,Cash
TXN101077,2025-03-13,Headphones,Accessories,3,62349.04,187047.12,CUST1226,Eldoret,Cash
TXN100325,2025-07-31,Tablet,Mobile,2,5197.95,10395.9,CUST1169,Nakuru,Card
TXN100935,2025-05-01,  Laptop ,Computers,3,77978.33,233934.99,CUST1221,Eldoret,BANK TRANSFER
TXN102884,2025-03-19,Headphones,Accessories,4,46297.21,185188.84,CUST1033,Nakuru,Card
TXN102983,2025-06-10,  Monitor ,Computers,3,30537.49,91612.47,CUST1060,Nakuru,Bank Transfer
TXN101059,2025-08-01,Tablet,Mobile,4,65710.19,262840.76,CUST1071,Eldoret,Card
TXN100795,05/10/2025,Tablet,Mobile,4,50532.72,202130.88,CUST1356,Nakuru,Mobile Money
TXN101877,19/12/2025,Headphones,Accessories,1,21085.47,21085.47,CUST1126,Nairobi,Cash
TXN100547,2025-08-27,  Monitor ,Computers,1,24064.99,24064.99,CUST1134,Mombasa,Cash
TXN100416,19/06/2025,Keyboard,Accessories,4,,348118.4,CUST1220,Nairobi,Card
TXN102936,03/10/2025,Phone,Mobile,4,26049.2,104196.8,CUST1314,Nakuru,Card
TXN100268,2025-08-16,Keyboard,Accessories,4,15414.71,61658.84,CUST1179,Nakuru,Card
TXN102361,2025-09-13,Tablet,Mobile,4,87942.7,351770.8,CUST1163,Kisumu,Card
TXN100514,2025-07-15,Tablet,Mobile,5,71638.74,358193.7,CUST1400,Kisumu,BANK TRANSFER
TXN102272,2025-09-10,Phone,Mobile,1,,6014.95,CUST1176,Nairobi,Bank Transfer
TXN101496,08/05/2025,Tablet,Mobile,3,63821.47,191464.41,CUST1347,,Bank Transfer
TXN100536,2025-12-18,Monitor,Computers,5,58761.78,293808.9,CUST1115,Mombasa,Bank Transfer
TXN102076,2025-03-19,  Laptop ,Computers,2,29353.4,58706.8,CUST1132,Mombasa,CASH
TXN100824,2025-03-03,Monitor,Computers,4,83757.02,335028.08,CUST1394,Mombasa,Card
TXN100036,2025-04-04,Keyboard,Accessories,4,13046.32,52185.28,CUST1142,,Mobile Money
TXN102217,14/08/2025,Tablet,Mobile,4,2765.22,11060.88,CUST1035,Mombasa,Cash
TXN100760,2025-07-05,Headphones,Accessories,4,70397.18,281588.72,CUST1382,Eldoret,Bank Transfer
TXN100921,06/11/2025,Phone,Mobile,3,69230.77,207692.31,CUST1294,Mombasa,Card
TXN102804,02/07/2025,Tablet,Mobile,3,60227.64,180682.92,CUST1094,Mombasa,Bank Transfer
TXN102366,29/08/2025,Tablet,Mobile,3,22103.39,66310.17,CUST1017,Kisumu,Cash
TXN102317,2025-12-10,Headphones,Accessories,4,68158.7,272634.8,CUST1202,Nairobi,Cash
TXN101897,11/08/2025,  Monitor ,Computers,1,27059.22,27059.22,CUST1150,Kisumu,Cash
TXN101036,2025-02-09,Phone,Mobile,3,86263.96,258791.88,CUST1055,Mombasa,Cash
TXN101082,2025-01-23,Monitor,Computers,1,81813.37,81813.37,CUST1033,Kisumu,Card
TXN100527,2025-10-15,Tablet,Mobile,3,16091.14,48273.42,CUST1355,Eldoret,Cash
TXN102284,2025-02-24,  Monitor ,Computers,1,,32126.56,CUST1034,Kisumu,Bank Transfer
TXN100928,2025-02-25,Headphones,Accessories,4,6729.88,26919.52,CUST1350,Eldoret,Bank Transfer
TXN102689,2025-03-26,Tablet,Mobile,1,,76990.0,CUST1244,Mombasa,Card
TXN100713,16/04/2025,Keyboard,Accessories,1,34065.17,34065.17,CUST1352,Kisumu,Bank Transfer
TXN101188,13/12/2025,  Keyboard ,Accessories,3,87607.83,262823.49,CUST1114,Mombasa,Bank Transfer
TXN100456,17/11/2025,Tablet,Mobile,2,5134.96,10269.92,CUST1156,Mombasa,BANK TRANSFER
TXN102798,02/11/2025,  Headphones ,Accessories,2,60171.49,120342.98,CUST1239,Eldoret,BANK TRANSFER
TXN101171,28/12/2025,  Laptop ,Computers,4,23790.04,95160.16,CUST1239,Nakuru,Card
TXN102720,04/12/2025,Monitor,Computers,5,13354.84,66774.2,CUST1087,Mombasa,Mobile Money
TXN101681,2025-10-01,Phone,Mobile,4,3812.23,15248.92,CUST1270,Nairobi,Cash
TXN102887,2025-04-24,Laptop,Computers,5,87105.68,435528.4,CUST1136,Eldoret,BANK TRANSFER
TXN100419,2025-06-01,Headphones,Accessories,1,43708.01,43708.01,CUST1212,Nairobi,Card
TXN101227,2025-07-05,Monitor,Computers,5,71617.36,358086.8,CUST1015,Nakuru,Mobile Money
TXN101321,2025-03-14,Headphones,Accessories,1,,50144.9,CUST1148,,Mobile Money
TXN100670,2025-07-20,Keyboard,Accessories,2,12706.14,25412.28,CUST1279,Kisumu,MOBILE MONEY
TXN102039,2025-09-01,Monitor,Computers,1,40049.88,40049.88,CUST1101,Nairobi,Mobile Money
TXN100751,2025-06-11,Phone,Mobile,5,48291.44,241457.2,CUST1249,Kisumu,CASH
TXN101611,2025-05-27,  Keyboard ,Accessories,4,4043.54,16174.16,CUST1205,Nakuru,Mobile Money
TXN101455,2025-04-18,  Laptop ,Computers,3,14166.85,42500.55,CUST1375,Mombasa,Card
TXN102367,2025-07-30,Keyboard,Accessories,4,19881.7,79526.8,CUST1048,Nairobi,Mobile Money
TXN100071,08/10/2025,Keyboard,Accessories,5,27435.01,137175.05,CUST1000,Kisumu,Cash
TXN100890,03/04/2025,Keyboard,Accessories,4,44579.15,178316.6,CUST1312,Mombasa,Cash
TXN100450,17/02/2025,Headphones,Accessories,5,,3606.7,CUST1374,Nakuru,Cash
TXN102673,2025-06-19,Tablet,Mobile,5,22713.97,113569.85,CUST1289,Nairobi,Cash
TXN102579,2025-10-08,Keyboard,Accessories,1,,9684.06,CUST1225,Mombasa,Mobile Money
TXN102768,2025-10-28,Headphones,Accessories,3,57705.27,173115.81,CUST1331,Mombasa,CARD
TXN102855,2025-10-16,Keyboard,Accessories,5,6581.05,32905.25,CUST1387,Kisumu,Card
TXN100701,2025-10-21,Phone,Mobile,5,4007.58,20037.9,CUST1075,Nairobi,MOBILE MONEY
TXN101515,2025-12-30,Tablet,Mobile,4,1020.01,4080.04,CUST1101,Nairobi,Mobile Money
TXN101353,21/10/2025,  Keyboard ,Accessories,5,82280.82,411404.1,CUST1200,,Mobile Money
TXN100178,2025-05-24,Keyboard,Accessories,4,,338181.0,CUST1016,Kisumu,Mobile Money
TXN101953,2025-08-24,Headphones,Accessories,4,35941.45,143765.8,CUST1000,Mombasa,Mobile Money
TXN102731,2025-04-02,Laptop,Computers,4,8704.08,34816.32,CUST1120,Eldoret,Bank Transfer
TXN100532,2025-12-10,Phone,Mobile,1,,74038.73,CUST1327,Kisumu,Bank Transfer
TXN100947,2025-10-04,Tablet,Mobile,1,61724.62,61724.62,CUST1296,,Card
TXN100833,2025-06-14,Monitor,Computers,3,31673.55,95020.65,CUST1176,Eldoret,Card
TXN100707,2025-09-01,Phone,Mobile,5,9118.72,45593.6,CUST1314,Eldoret,Card
TXN100757,2025-11-20,Monitor,Computers,5,26143.86,130719.3,CUST1074,Mombasa,Cash
TXN102656,22/06/2025,Tablet,Mobile,1,70132.65,70132.65,CUST1121,,Bank Transfer
TXN101127,30/07/2025,  Phone ,Mobile,3,76048.92,228146.76,CUST1163,Nairobi,Mobile Money
TXN100087,2025-06-02,Monitor,Computers,1,84875.38,84875.38,CUST1385,Nakuru,BANK TRANSFER
TXN100729,2025-04-10,Headphones,Accessories,2,54769.53,109539.06,CUST1232,Nakuru,CARD
TXN102294,2025-02-11,Monitor,Computers,2,56312.83,112625.66,CUST1270,Nakuru,Bank Transfer
TXN101336,20/10/2025,Headphones,Accessories,4,80039.45,320157.8,CUST1080,Kisumu,Cash
TXN101095,22/12/2025,Laptop,Computers,705,35835.63,71671.26,CUST1302,Nairobi,Mobile Money
TXN102189,2025-09-03,  Headphones ,Accessories,1,82536.64,82536.64,CUST1337,Eldoret,Card
TXN100561,2025-06-05,Headphones,Accessories,1,30739.01,30739.01,CUST1159,,Bank Transfer
TXN100539,2025-09-05,Headphones,Accessories,5,88682.21,443411.05,CUST1360,Nairobi,Bank Transfer
TXN101397,2025-06-19,Laptop,Computers,2,76300.67,152601.34,CUST1175,Mombasa,MOBILE MONEY
TXN101614,15/10/2025,Tablet,Mobile,2,,126254.4,CUST1004,Mombasa,Card
TXN101644,2025-03-20,Monitor,Computers,1,1889.94,1889.94,CUST1191,Eldoret,Cash
TXN102130,2025-06-24,Phone,Mobile,1,79280.31,79280.31,CUST1139,Nairobi,Bank Transfer
TXN101653,02/10/2025,  Phone ,Mobile,2,27074.56,54149.12,CUST1125,Nakuru,Cash
TXN101596,24/02/2025,Phone,Mobile,3,15067.06,45201.18,CUST1033,Mombasa,Card
TXN102431,2025-04-28,Monitor,Computers,3,4794.08,14382.24,CUST1046,Mombasa,Card
TXN101193,2025-09-15,Headphones,Accessories,3,52908.33,158724.99,CUST1008,Nairobi,Bank Transfer
TXN102740,2025-06-25,Headphones,Accessories,5,16243.7,81218.5,CUST1191,Kisumu,Cash
TXN101275,2025-09-04,Laptop,Computers,1,84048.86,84048.86,CUST1139,Eldoret,Cash
TXN100241,2025-04-10,Headphones,Accessories,4,81405.7,325622.8,CUST1188,Eldoret,BANK TRANSFER
TXN102054,2025-01-03,Keyboard,Accessories,4,68761.22,275044.88,CUST1390,Nakuru,CARD
TXN102557,15/03/2025,  Laptop ,Computers,3,18966.84,56900.52,CUST1075,Nairobi,CASH
TXN100752,2025-02-20,Keyboard,Accessories,5,4769.98,23849.9,CUST1353,Mombasa,Card
TXN102642,2025-03-10,Tablet,Mobile,2,44586.0,89172.0,CUST1207,Kisumu,Mobile Money
TXN101902,2025-06-19,Tablet,Mobile,1,48626.97,48626.97,CUST1048,Nairobi,Bank Transfer
TXN100643,10/12/2025,Laptop,Computers,4,13506.74,54026.96,CUST1028,Mombasa,Cash
TXN101587,16/08/2025,Monitor,Computers,4,65168.89,260675.56,CUST1400,Nairobi,Cash
TXN100780,2025-04-30,Tablet,Mobile,4,65576.08,262304.32,CUST1046,Mombasa,Card
TXN100740,2025-10-05,Laptop,Computers,4,55437.51,221750.04,CUST1021,Nakuru,Cash
TXN100226,2025-03-19,Headphones,Accessories,5,43068.8,215344.0,CUST1031,Nakuru,Card
TXN101327,2025-03-08,Tablet,Mobile,1,11105.15,11105.15,CUST1097,Mombasa,Bank Transfer
TXN101167,2025-01-23,Phone,Mobile,3,10957.36,32872.08,CUST1065,Nakuru,Cash
TXN102699,31/08/2025,Tablet,Mobile,4,65386.44,261545.76,CUST1196,Nairobi,Mobile Money
TXN100400,18/07/2025,Monitor,Computers,1,26620.34,26620.34,CUST1398,Nairobi,Mobile Money
TXN100898,2025-06-03,Tablet,Mobile,1,75241.96,75241.96,CUST1289,Kisumu,Card
TXN100705,18/12/2025,Keyboard,Accessories,5,24174.6,120873.0,CUST1175,Nakuru,Card
TXN102938,14/12/2025,  Tablet ,Mobile,3,58233.31,174699.93,CUST1380,Mombasa,Bank Transfer
TXN101102,2025-02-19,Phone,Mobile,3,56166.03,168498.09,CUST1389,Nairobi,Bank Transfer
TXN102510,2025-08-19,Laptop,Computers,2,85704.77,171409.54,CUST1122,,Card
TXN100429,2025-06-28,  Keyboard ,Accessories,4,53036.92,212147.68,CUST1180,Nakuru,Mobile Money
TXN101086,2025-09-28,Laptop,Computers,5,68810.34,344051.7,CUST1111,Mombasa,CASH
TXN102831,2025-04-27,Monitor,Computers,5,2503.05,12515.25,CUST1066,Mombasa,Cash
TXN102178,2025-01-11,Monitor,Computers,1,47386.12,47386.12,CUST1310,Nairobi,Card
TXN100676,12/04/2025,Headphones,Accessories,408,22936.54,22936.54,CUST1371,,BANK TRANSFER
TXN101073,2025-10-24,Headphones,Accessories,3,,27231.27,CUST1180,,Card
TXN102463,2025-03-10,Laptop,Computers,1,27610.47,27610.47,CUST1099,Nakuru,Mobile Money
TXN101347,2025-09-22,Tablet,Mobile,2,42962.22,85924.44,CUST1300,Eldoret,Bank Transfer
TXN102207,2025-09-08,Tablet,Mobile,1,10817.42,10817.42,CUST1034,Mombasa,Cash
TXN101559,2025-09-27,Monitor,Computers,4,9470.92,37883.68,CUST1070,Nairobi,Card
TXN100454,2025-08-08,Phone,Mobile,4,41358.37,165433.48,CUST1103,Mombasa,Cash
TXN100338,23/03/2025,Laptop,Computers,1,42152.85,42152.85,CUST1207,Eldoret,Cash
TXN100026,2025-09-01,  Keyboard ,Accessories,2,11991.04,23982.08,CUST1281,Mombasa,Cash
TXN102355,2025-02-06,Keyboard,Accessories,1,44820.66,44820.66,CUST1355,Kisumu,Mobile Money
TXN101005,2025-01-23,  Monitor ,Computers,2,,29596.96,CUST1027,Kisumu,Cash
TXN102000,05/07/2025,Keyboard,Accessories,3,29086.61,87259.83,CUST1322,Nairobi,Cash
TXN100024,2025-02-27,Keyboard,Accessories,3,44230.21,132690.63,CUST1185,Kisumu,Mobile Money
TXN102314,2025-05-14,Phone,Mobile,4,14735.91,58943.64,CUST1116,Mombasa,Card
TXN100939,07/09/2025,Laptop,Computers,1,13387.63,13387.63,CUST1336,Nakuru,MOBILE MONEY
TXN101445,2025-12-21,Keyboard,Accessories,4,8594.54,34378.16,CUST1170,Mombasa,Card
TXN100000,2025-05-21,Tablet,Mobile,1,,2738.46,CUST1125,Mombasa,Mobile Money
TXN102109,23/10/2025,Headphones,Accessories,2,56769.81,113539.62,CUST1207,Nakuru,Mobile Money
TXN102950,18/10/2025,  Keyboard ,Accessories,4,72449.51,289798.04,CUST1296,Nakuru,Mobile Money
TXN100060,2025-12-26,Tablet,Mobile,2,24379.11,48758.22,CUST1055,Nakuru,CARD
TXN102780,15/04/2025,Monitor,Computers,3,44313.64,132940.92,CUST1367,Eldoret,Bank Transfer
TXN102168,2025-12-27,Tablet,Mobile,5,44427.48,222137.4,CUST1391,Mombasa,Bank Transfer
TXN100658,28/02/2025,Laptop,Computers,3,34632.85,103898.55,CUST1197,Kisumu,Cash
TXN102625,2025-02-02,Tablet,Mobile,2,47784.76,95569.52,CUST1204,Kisumu,MOBILE MONEY
TXN101625,2025-06-02,Monitor,Computers,3,86721.24,260163.72,CUST1084,Mombasa,Cash
TXN102591,10/08/2025,Tablet,Mobile,3,75209.8,225629.4,CUST1078,Nairobi,Mobile Money
TXN100985,2025-07-19,Tablet,Mobile,5,21844.42,109222.1,CUST1032,Eldoret,Cash
TXN100746,2025-08-30,Keyboard,Accessories,3,,65171.85,CUST1313,Kisumu,Cash
TXN100638,2025-09-20,Phone,Mobile,4,54425.94,217703.76,CUST1153,Eldoret,Cash
TXN101651,2025-02-10,Laptop,Computers,5,63828.04,319140.2,CUST1292,Nakuru,Card
TXN100170,2025-04-26,Monitor,Computers,1,13097.75,13097.75,CUST1346,Nakuru,Cash
TXN101315,2025-04-14,Phone,Mobile,2,57829.65,115659.3,CUST1035,Kisumu,Mobile Money
TXN101208,05/08/2025,  Tablet ,Mobile,1,47783.64,47783.64,CUST1295,Kisumu,CARD
TXN102868,2025-02-12,Laptop,Computers,5,84962.42,424812.1,CUST1120,Kisumu,Bank Transfer
TXN100219,16/03/2025,  Tablet ,Mobile,2,21646.06,43292.12,CUST1131,Mombasa,Mobile Money
TXN101974,10/05/2025,  Laptop ,Computers,5,61931.69,309658.45,CUST1217,Kisumu,CASH
TXN100619,2025-12-06,Monitor,Computers,2,43632.71,87265.42,CUST1346,Nakuru,Mobile Money
TXN101252,08/09/2025,Headphones,Accessories,2,16885.4,33770.8,CUST1001,Nairobi,Cash
TXN102015,2025-07-23,Monitor,Computers,1,26720.19,26720.19,CUST1371,Nairobi,Cash
TXN102843,2025-06-20,Laptop,Computers,4,64279.6,257118.4,CUST1040,Nairobi,Cash
TXN100716,2025-09-05,Monitor,Computers,5,70649.06,353245.3,CUST1091,Kisumu,BANK TRANSFER
TXN101477,2025-12-03,Headphones,Accessories,5,15858.49,79292.45,CUST1000,Mombasa,Cash
TXN101428,2025-12-11,Keyboard,Accessories,2,43271.79,86543.58,CUST1389,Nairobi,Card
TXN102116,2025-12-15,Monitor,Computers,5,17941.58,89707.9,CUST1113,Nairobi,Mobile Money
TXN102019,2025-12-22,Headphones,Accessories,1,30037.3,30037.3,CUST1037,Nakuru,Bank Transfer
TXN100584,07/06/2025,Phone,Mobile,3,20487.85,61463.55,CUST1215,Kisumu,CASH
TXN100253,2025-09-13,Laptop,Computers,1,75383.55,75383.55,CUST1305,Eldoret,Card
TXN102363,29/06/2025,Monitor,Computers,5,56010.74,280053.7,CUST1350,Nakuru,Card
TXN102924,2025-05-09,  Headphones ,Accessories,5,73468.05,367340.25,CUST1273,Eldoret,Bank Transfer
TXN101381,2025-06-22,Monitor,Computers,1,89041.51,89041.51,CUST1098,Nairobi,Mobile Money
TXN100337,2025-01-06,Headphones,Accessories,5,65197.99,325989.95,CUST1133,Kisumu,Mobile Money
TXN100295,2025-03-08,Tablet,Mobile,3,87795.98,263387.94,CUST1389,Kisumu,Card
TXN102649,2025-11-09,Keyboard,Accessories,2,35562.65,71125.3,CUST1177,Mombasa,Card
TXN100053,05/08/2025,Headphones,Accessories,1,8760.71,8760.71,CUST1141,Nairobi,CARD
TXN102019,2025-12-22,Headphones,Accessories,1,30037.3,30037.3,CUST1037,Nakuru,Bank Transfer
TXN100328,2025-01-20,Laptop,Computers,5,21283.71,106418.55,CUST1089,Nakuru,Mobile Money
TXN102541,2025-12-20,Tablet,Mobile,5,84201.23,421006.15,CUST1279,Kisumu,CASH
TXN101104,2025-10-04,Keyboard,Accessories,3,72948.6,218845.8,CUST1279,Nairobi,Card
TXN100270,2025-12-14,Tablet,Mobile,4,,132065.4,CUST1081,Nairobi,Mobile Money
TXN100301,02/11/2025,Laptop,Computers,1,25681.39,25681.39,CUST1334,Nakuru,Cash
TXN100365,2025-04-08,Laptop,Computers,5,65350.33,326751.65,CUST1026,Kisumu,Bank Transfer
TXN102542,2025-01-21,  Laptop ,Computers,4,,271324.08,CUST1159,Nakuru,CARD
TXN101463,31/08/2025,Laptop,Computers,1,32324.75,32324.75,CUST1091,Nairobi,CARD
TXN101731,15/09/2025,Headphones,Accessories,3,70781.07,212343.21,CUST1340,Eldoret,Mobile Money
TXN100582,19/02/2025,Phone,Mobile,5,16711.66,83558.3,CUST1241,Mombasa,CASH
TXN102129,05/03/2025,Phone,Mobile,4,27244.59,108978.36,CUST1277,Eldoret,Bank Transfer
TXN100739,2025-07-02,Phone,Mobile,2,75351.96,150703.92,CUST1079,Nairobi,Card
TXN100596,2025-09-08,Monitor,Computers,2,31174.59,62349.18,CUST1183,Mombasa,Mobile Money
TXN100191,2025-11-21,Laptop,Computers,2,25113.93,50227.86,CUST1299,Eldoret,CASH
TXN100732,16/10/2025,Tablet,Mobile,4,86961.96,347847.84,CUST1247,Mombasa,Cash
TXN102925,2025-10-02,Laptop,Computers,1,68564.12,68564.12,CUST1007,,Bank Transfer
TXN100374,17/12/2025,Monitor,Computers,5,59087.41,295437.05,CUST1172,Kisumu,Bank Transfer
TXN101002,09/04/2025,Monitor,Computers,1,50415.08,50415.08,CUST1060,Eldoret,Card
TXN102544,2025-09-02,  Keyboard ,Accessories,1,10061.17,10061.17,CUST1021,Nakuru,CASH
TXN102338,2025-01-16,Laptop,Computers,4,61182.72,244730.88,CUST1019,Nakuru,BANK TRANSFER
TXN100291,2025-08-02,Tablet,Mobile,2,,138285.66,CUST1316,Nairobi,BANK TRANSFER
TXN101409,03/01/2025,Phone,Mobile,2,82493.81,164987.62,CUST1006,Eldoret,Cash
TXN100674,2025-05-10,Phone,Mobile,2,20260.52,40521.04,CUST1099,Nairobi,Mobile Money
TXN100658,28/02/2025,Laptop,Computers,3,34632.85,103898.55,CUST1197,Kisumu,Cash
TXN102193,05/09/2025,  Monitor ,Computers,1,29275.55,29275.55,CUST1312,Nakuru,Cash
TXN101016,2025-10-23,  Tablet ,Mobile,5,81549.24,407746.2,CUST1283,Mombasa,Card
TXN102840,22/09/2025,  Keyboard ,Accessories,1,49221.35,49221.35,CUST1049,Kisumu,Bank Transfer
TXN102558,2025-09-23,  Headphones ,Accessories,4,34395.86,137583.44,CUST1348,Kisumu,Bank Transfer
TXN102321,2025-01-04,Monitor,Computers,2,14126.9,28253.8,CUST1321,Eldoret,CASH
TXN102802,11/10/2025,Laptop,Computers,1,24245.39,24245.39,CUST1250,,BANK TRANSFER
TXN102527,2025-09-11,Tablet,Mobile,2,75188.75,150377.5,CUST1285,Nakuru,Bank Transfer
TXN101210,2025-05-28,Monitor,Computers,4,2362.22,9448.88,CUST1371,Mombasa,BANK TRANSFER
TXN102823,2025-02-03,Tablet,Mobile,4,75648.32,302593.28,CUST1379,Nairobi,Mobile Money
TXN102290,2025-06-10,Tablet,Mobile,2,81958.08,163916.16,CUST1324,Nakuru,Cash
TXN100179,2025-07-05,Monitor,Computers,4,85574.69,342298.76,CUST1050,Kisumu,Cash
TXN102171,2025-07-03,  Laptop ,Computers,5,5240.9,26204.5,CUST1300,Nairobi,Card
TXN100997,2025-11-20,Phone,Mobile,1,71299.18,71299.18,CUST1313,Nakuru,Mobile Money
TXN101528,07/08/2025,Tablet,Mobile,2,20348.88,40697.76,CUST1245,Nairobi,Bank Transfer
TXN100488,25/05/2025,Monitor,Computers,1,78990.72,78990.72,CUST1396,Kisumu,Cash
TXN101920,2025-05-21,Keyboard,Accessories,3,3500.77,10502.31,CUST1328,Nakuru,Bank Transfer
TXN102898,2025-11-01,Keyboard,Accessories,2,63167.42,126334.84,CUST1275,Eldoret,Card
TXN100051,2025-03-21,Laptop,Computers,1,,66946.29,CUST1139,Kisumu,Mobile Money
TXN102461,2025-08-14,  Phone ,Mobile,4,30048.61,120194.44,CUST1374,Kisumu,Mobile Money
TXN102393,27/12/2025,Monitor,Computers,1,50770.96,50770.96,CUST1397,,Card
TXN100961,16/12/2025,Monitor,Computers,3,86577.76,259733.28,CUST1021,Nairobi,Cash
TXN102382,14/04/2025,Laptop,Computers,5,4058.14,20290.7,CUST1075,Kisumu,Mobile Money
TXN102233,13/04/2025,Headphones,Accessories,5,37384.55,186922.75,CUST1111,Kisumu,Mobile Money
TXN100063,2025-07-24,Headphones,Accessories,3,,173737.86,CUST1347,Eldoret,Cash
TXN100962,2025-05-20,Monitor,Computers,5,82664.76,413323.8,CUST1171,Kisumu,Cash
TXN101244,2025-10-14,Headphones,Accessories,5,36546.46,182732.3,CUST1265,Nakuru,Cash
TXN100858,2025-09-02,  Headphones ,Accessories,1,62088.64,62088.64,CUST1068,Eldoret,Bank Transfer
TXN102607,2025-01-16,Laptop,Computers,1,77728.28,77728.28,CUST1042,Kisumu,Mobile Money
TXN100210,2025-03-12,Phone,Mobile,3,85106.51,255319.53,CUST1391,Kisumu,CASH
TXN100992,2025-02-24,Keyboard,Accessories,1,73693.12,73693.12,CUST1058,Nakuru,Mobile Money
TXN100883,15/10/2025,Keyboard,Accessories,5,51719.29,258596.45,CUST1090,Nakuru,Cash
TXN100727,2025-04-13,Headphones,Accessories,4,,147151.44,CUST1265,Nairobi,Card
TXN102791,05/06/2025,Tablet,Mobile,5,7244.98,36224.9,CUST1120,Eldoret,Mobile Money
TXN101039,2025-02-02,Tablet,Mobile,1,26590.75,26590.75,CUST1011,Mombasa,Cash
TXN101412,2025-03-25,Laptop,Computers,4,,335702.4,CUST1099,Nakuru,Cash
TXN101396,2025-01-21,Headphones,Accessories,3,58102.39,174307.17,CUST1266,Nakuru,Cash
TXN102371,2025-06-19,  Phone ,Mobile,1,26480.66,26480.66,CUST1218,Nairobi,Mobile Money
TXN100339,2025-06-01,Tablet,Mobile,1,57664.66,57664.66,CUST1188,Eldoret,MOBILE MONEY
TXN101784,2025-04-11,Laptop,Computers,1,69738.39,69738.39,CUST1273,Eldoret,Bank Transfer
TXN101600,20/07/2025,  Keyboard ,Accessories,2,,57290.56,CUST1371,Kisumu,Mobile Money
TXN102410,2025-01-28,  Phone ,Mobile,1,32839.48,32839.48,CUST1021,,CASH
TXN102757,18/03/2025,Laptop,Computers,5,24285.02,121425.1,CUST1356,Nairobi,Cash
TXN102347,2025-06-20,  Keyboard ,Accessories,3,79687.13,239061.39,CUST1183,Nakuru,Bank Transfer
TXN102221,2025-07-18,Monitor,Computers,1,50862.69,50862.69,CUST1393,Eldoret,CARD
TXN102443,2025-09-08,Headphones,Accessories,4,47835.93,191343.72,CUST1346,Nakuru,Bank Transfer
TXN101626,19/12/2025,Monitor,Computers,4,43057.2,172228.8,CUST1082,Nakuru,Cash
TXN101802,15/01/2025,Headphones,Accessories,5,19880.7,99403.5,CUST1174,Eldoret,Bank Transfer
TXN101029,2025-08-27,  Laptop ,Computers,1,34774.47,34774.47,CUST1316,Nairobi,Cash
TXN101279,2025-06-12,Keyboard,Accessories,5,86188.84,430944.2,CUST1349,Kisumu,Cash
TXN102536,03/06/2025,Laptop,Computers,4,28100.47,112401.88,CUST1208,Nairobi,Card
TXN101987,25/08/2025,Tablet,Mobile,2,25091.8,50183.6,CUST1306,Kisumu,Card
TXN102979,2025-07-13,Monitor,Computers,1,51456.8,51456.8,CUST1011,Eldoret,Mobile Money
TXN102956,04/12/2025,Phone,Mobile,1,88687.08,88687.08,CUST1281,,Card
TXN100637,25/06/2025,Keyboard,Accessories,2,24986.83,49973.66,CUST1150,Nakuru,Mobile Money
TXN101358,2025-01-30,  Headphones ,Accessories,5,6763.16,33815.8,CUST1188,Eldoret,Card
TXN100354,2025-02-27,  Headphones ,Accessories,2,,168796.46,CUST1016,Nakuru,Card
TXN102885,2025-07-17,Phone,Mobile,5,30752.6,153763.0,CUST1072,Mombasa,Cash
TXN100964,2025-04-03,Keyboard,Accessories,3,61155.78,183467.34,CUST1160,Eldoret,Card
TXN102608,19/12/2025,Tablet,Mobile,5,7755.16,38775.8,CUST1097,Nakuru,CARD
TXN102582,2025-05-02,Phone,Mobile,1,31002.88,31002.88,CUST1313,Nairobi,Card
TXN102118,2025-12-22,Keyboard,Accessories,3,48781.42,146344.26,CUST1271,Mombasa,Cash
TXN101576,2025-11-22,Monitor,Computers,4,54356.01,217424.04,CUST1170,Mombasa,Mobile Money
TXN102211,2025-07-18,Laptop,Computers,1,20963.73,20963.73,CUST1094,Nairobi,Card
TXN102337,2025-09-03,Headphones,Accessories,1,63407.47,63407.47,CUST1032,Mombasa,Mobile Money
TXN100058,2025-07-28,Headphones,Accessories,5,79630.06,398150.3,CUST1317,Mombasa,Mobile Money
TXN101730,2025-01-01,  Laptop ,Computers,4,32026.87,128107.48,CUST1025,Kisumu,MOBILE MONEY
TXN102264,2025-12-18,  Laptop ,Computers,1,843.78,843.78,CUST1119,Mombasa,Card
TXN102711,2025-03-14,Monitor,Computers,4,48309.27,193237.08,CUST1237,Nakuru,Mobile Money
TXN101721,2025-01-16,Phone,Mobile,2,32468.9,64937.8,CUST1125,Eldoret,Bank Transfer
TXN100214,2025-08-02,Keyboard,Accessories,4,64000.16,256000.64,CUST1148,Nairobi,Bank Transfer
TXN100840,29/03/2025,Keyboard,Accessories,5,4391.64,21958.2,CUST1030,Kisumu,MOBILE MONEY
TXN101113,2025-10-31,Phone,Mobile,2,58503.41,117006.82,CUST1043,Nairobi,Cash
TXN102599,2025-10-01,Laptop,Computers,2,66461.82,132923.64,CUST1057,,Bank Transfer
TXN101476,2025-01-18,Keyboard,Accessories,3,76704.78,230114.34,CUST1043,Nairobi,Cash
TXN101609,2025-02-15,Headphones,Accessories,5,33017.88,165089.4,CUST1036,Mombasa,Bank Transfer
TXN102235,2025-12-08,Tablet,Mobile,2,35044.38,70088.76,CUST1088,Kisumu,Mobile Money
TXN101875,2025-05-08,Headphones,Accessories,4,19797.55,79190.2,CUST1006,Nairobi,Card
TXN102072,14/02/2025,Keyboard,Accessories,2,71973.89,143947.78,CUST1293,Nakuru,Mobile Money
TXN100453,17/11/2025,Headphones,Accessories,1,4611.89,4611.89,CUST1235,Nairobi,Card
TXN101766,2025-08-19,Phone,Mobile,3,10135.66,30406.98,CUST1193,Mombasa,MOBILE MONEY
TXN102518,2025-10-05,  Laptop ,Computers,3,28199.57,84598.71,CUST1354,Eldoret,CARD
TXN102436,2025-02-09,Laptop,Computers,2,54435.77,108871.54,CUST1034,Nairobi,Cash
TXN100213,2025-08-24,Tablet,Mobile,1,39541.65,39541.65,CUST1039,Kisumu,Bank Transfer
TXN101216,2025-03-31,  Headphones ,Accessories,3,61085.04,183255.12,CUST1257,Nairobi,Card
TXN100854,16/03/2025,Phone,Mobile,3,75637.26,226911.78,CUST1372,Nairobi,Cash
TXN102061,2025-05-22,Laptop,Computers,1,57746.77,57746.77,CUST1275,Kisumu,BANK TRANSFER
TXN100341,03/10/2025,Monitor,Computers,5,82195.32,410976.6,CUST1340,Mombasa,Mobile Money
TXN100147,2025-06-20,Monitor,Computers,5,43848.55,219242.75,CUST1282,Eldoret,Bank Transfer
TXN101608,28/03/2025,Monitor,Computers,1,41205.3,41205.3,CUST1151,Mombasa,Card
TXN102531,2025-03-01,Keyboard,Accessories,5,50746.4,253732.0,CUST1303,Mombasa,Bank Transfer
TXN101109,11/09/2025,Keyboard,Accessories,1,35528.94,35528.94,CUST1302,Nakuru,Cash
TXN100767,2025-12-24,Keyboard,Accessories,4,12592.78,50371.12,CUST1276,,Bank Transfer
TXN100217,2025-04-24,Monitor,Computers,3,67249.53,201748.59,CUST1170,Mombasa,Card
TXN101385,2025-01-07,Laptop,Computers,4,59032.35,236129.4,CUST1199,Mombasa,Bank Transfer
TXN100452,2025-10-23,  Headphones ,Accessories,3,30729.09,92187.27,CUST1066,Eldoret,Bank Transfer
TXN102756,2025-08-07,Monitor,Computers,5,9215.32,46076.6,CUST1229,Kisumu,Card
TXN101203,2025-03-27,Monitor,Computers,4,2452.61,9810.44,CUST1078,Nakuru,Bank Transfer
TXN101291,2025-02-03,Laptop,Computers,5,11978.05,59890.25,CUST1065,Kisumu,Mobile Money
TXN100717,2025-12-28,  Headphones ,Accessories,3,52199.78,156599.34,CUST1203,Mombasa,Card
TXN100704,2025-07-30,Monitor,Computers,2,20133.06,40266.12,CUST1307,Mombasa,Mobile Money
TXN100979,2025-09-04,Laptop,Computers,4,85896.9,343587.6,CUST1062,Eldoret,CASH
TXN101164,2025-07-15,Laptop,Computers,3,45656.51,136969.53,CUST1154,Nakuru,Cash
TXN101682,18/02/2025,Tablet,Mobile,1,6716.14,6716.14,CUST1212,Kisumu,Cash
TXN101872,2025-06-20,Monitor,Computers,1,70348.8,70348.8,CUST1180,Eldoret,Card
TXN102433,2025-08-12,Phone,Mobile,3,13176.25,39528.75,CUST1142,Mombasa,MOBILE MONEY
TXN101458,25/05/2025,Monitor,Computers,1,47742.08,47742.08,CUST1144,Mombasa,Bank Transfer
TXN102086,2025-04-18,Tablet,Mobile,3,37653.94,112961.82,CUST1046,Eldoret,CASH
TXN102729,2025-11-09,Headphones,Accessories,5,30726.03,153630.15,CUST1262,Eldoret,CARD
TXN102167,2025-05-22,Tablet,Mobile,3,6354.44,19063.32,CUST1291,Kisumu,Card
TXN102480,2025-01-05,Laptop,Computers,1,71759.39,71759.39,CUST1076,Eldoret,Bank Transfer
TXN101293,02/01/2025,Tablet,Mobile,5,79537.62,397688.1,CUST1218,Nairobi,Cash
TXN102499,01/08/2025,  Laptop ,Computers,2,85908.92,171817.84,CUST1047,Nakuru,Cash
TXN101390,2025-12-08,Phone,Mobile,3,88032.93,264098.79,CUST1246,Nairobi,Cash
TXN100075,2025-04-12,Tablet,Mobile,3,20605.34,61816.02,CUST1075,Nairobi,Card
TXN102375,13/08/2025,Phone,Mobile,5,50867.98,254339.9,CUST1254,Kisumu,BANK TRANSFER
TXN101229,2025-01-19,  Phone ,Mobile,4,6001.42,24005.68,CUST1338,Mombasa,Card
TXN102202,2025-07-25,Monitor,Computers,2,33774.65,67549.3,CUST1022,Mombasa,Mobile Money
TXN102975,27/07/2025,Keyboard,Accessories,5,51031.85,255159.25,CUST1081,Nakuru,Bank Transfer
TXN101085,10/11/2025,Headphones,Accessories,2,77034.86,154069.72,CUST1123,Eldoret,Card
TXN100150,2025-01-19,Tablet,Mobile,2,44831.91,89663.82,CUST1064,Eldoret,CASH
TXN102940,07/01/2025,Laptop,Computers,4,32149.9,128599.6,CUST1335,Eldoret,Card
TXN102994,14/10/2025,Phone,Mobile,5,15084.47,75422.35,CUST1312,Kisumu,Cash
TXN102020,19/12/2025,Phone,Mobile,3,31148.64,93445.92,CUST1227,Kisumu,Bank Transfer
TXN102442,2025-02-04,  Phone ,Mobile,5,68028.97,340144.85,CUST1193,Mombasa,Card
TXN100484,07/01/2025,Tablet,Mobile,5,729.88,3649.4,CUST1125,Nairobi,BANK TRANSFER
TXN102449,2025-06-04,  Keyboard ,Accessories,2,58591.88,117183.76,CUST1202,Mombasa,Mobile Money
TXN102380,2025-04-11,Laptop,Computers,5,17217.77,86088.85,CUST1228,Eldoret,Cash
TXN100959,2025-09-30,Monitor,Computers,4,27472.36,109889.44,CUST1119,Nakuru,Bank Transfer
TXN101961,2025-01-01,Headphones,Accessories,3,45380.31,136140.93,CUST1312,Eldoret,Bank Transfer
TXN100649,2025-04-01,  Tablet ,Mobile,2,26828.91,53657.82,CUST1349,Nairobi,Mobile Money
TXN101040,2025-11-27,Monitor,Computers,5,31179.93,155899.65,CUST1167,Nakuru,Bank Transfer
TXN102588,2025-03-22,Tablet,Mobile,3,17732.74,53198.22,CUST1119,Nairobi,Mobile Money
TXN101157,2025-04-08,Laptop,Computers,2,64363.95,128727.9,CUST1400,Kisumu,Cash
TXN100569,2025-04-01,Headphones,Accessories,4,53666.9,214667.6,CUST1242,Eldoret,Cash
TXN102190,14/06/2025,Keyboard,Accessories,1,59884.38,59884.38,CUST1269,Eldoret,Bank Transfer
TXN101286,24/04/2025,  Headphones ,Accessories,2,40289.7,80579.4,CUST1380,Nairobi,Cash
TXN100517,2025-10-27,Laptop,Computers,4,47884.19,191536.76,CUST1119,Mombasa,Card
TXN102803,2025-10-19,Keyboard,Accessories,5,45779.43,228897.15,CUST1224,Kisumu,Mobile Money
TXN101416,2025-11-05,Tablet,Mobile,2,23258.78,46517.56,CUST1296,Mombasa,CARD
TXN101610,15/08/2025,Headphones,Accessories,4,88074.3,352297.2,CUST1332,Mombasa,Card
TXN101925,23/05/2025,Headphones,Accessories,1,77281.18,77281.18,CUST1099,Eldoret,Card
TXN101371,2025-09-17,Monitor,Computers,2,23122.61,46245.22,CUST1022,Nakuru,CARD
TXN100192,2025-08-21,  Monitor ,Computers,5,,239924.2,CUST1258,Eldoret,Bank Transfer
TXN101218,01/07/2025,Monitor,Computers,3,89432.82,268298.46,CUST1393,Nairobi,Cash
TXN101090,11/03/2025,Laptop,Computers,4,,41493.2,CUST1253,Kisumu,CASH
TXN102505,2025-10-30,Monitor,Computers,1,,41218.25,CUST1280,Kisumu,Bank Transfer
TXN102800,2025-12-12,Phone,Mobile,2,3013.01,6026.02,CUST1385,Nairobi,Mobile Money
TXN100072,2025-11-07,  Phone ,Mobile,4,70825.42,283301.68,CUST1335,Kisumu,Bank Transfer
TXN101261,2025-10-01,Tablet,Mobile,5,,201292.7,CUST1310,Kisumu,Bank Transfer
TXN102915,06/07/2025,Laptop,Computers,3,28669.91,86009.73,CUST1250,Nakuru,Cash
TXN100089,2025-06-22,Monitor,Computers,4,3097.72,12390.88,CUST1342,Nakuru,Mobile Money
TXN101547,02/05/2025,Phone,Mobile,2,,9164.64,CUST1149,Nairobi,Mobile Money
TXN100017,2025-03-12,Keyboard,Accessories,4,32898.68,131594.72,CUST1260,Nakuru,CARD
TXN102744,2025-02-10,  Headphones ,Accessories,4,,60862.92,CUST1350,Kisumu,Mobile Money
TXN101933,2025-07-11,Phone,Mobile,1,19968.56,19968.56,CUST1235,Nairobi,MOBILE MONEY
TXN100664,2025-04-02,Laptop,Computers,1,7055.7,7055.7,CUST1128,Eldoret,Card
TXN102156,2025-04-26,Phone,Mobile,2,22458.98,44917.96,CUST1225,Mombasa,Mobile Money
TXN102760,08/03/2025,Monitor,Computers,1,24815.54,24815.54,CUST1120,Eldoret,Cash
TXN100115,2025-07-04,Laptop,Computers,2,27014.06,54028.12,CUST1091,Kisumu,Card
TXN101549,2025-06-27,Keyboard,Accessories,1,625.3,625.3,CUST1323,Eldoret,Cash
TXN100574,2025-06-06,Phone,Mobile,3,54946.78,164840.34,CUST1364,Kisumu,Bank Transfer
TXN102548,20/05/2025,Monitor,Computers,1,61486.3,61486.3,CUST1295,,Bank Transfer
TXN100317,2025-09-30,Headphones,Accessories,2,41639.89,83279.78,CUST1175,Eldoret,CASH
TXN102144,2025-11-22,  Headphones ,Accessories,4,,252279.4,CUST1134,Mombasa,Mobile Money
TXN100262,06/10/2025,  Keyboard ,Accessories,4,89026.48,356105.92,CUST1242,Kisumu,Card
TXN100524,2025-12-27,Laptop,Computers,1,13720.23,13720.23,CUST1072,Nairobi,Cash
TXN101598,2025-10-16,Laptop,Computers,5,51049.31,255246.55,CUST1247,Nairobi,Card
TXN102657,2025-01-24,Monitor,Computers,4,86982.77,347931.08,CUST1265,Nairobi,Card
TXN101772,2025-02-04,Keyboard,Accessories,5,76881.23,384406.15,CUST1224,Nakuru,Bank Transfer
TXN101962,2025-04-07,Laptop,Computers,2,12858.15,25716.3,CUST1022,Mombasa,Cash
TXN100298,2025-06-10,Phone,Mobile,3,,252212.28,CUST1097,Mombasa,BANK TRANSFER
TXN101276,20/11/2025,Tablet,Mobile,4,89932.15,359728.6,CUST1108,Eldoret,Cash
TXN101134,2025-10-20,Monitor,Computers,2,21625.68,43251.36,CUST1376,Eldoret,Card
TXN101363,15/03/2025,  Headphones ,Accessories,2,1166.18,2332.36,CUST1228,Nairobi,Bank Transfer
TXN101963,2025-12-01,Monitor,Computers,1,30893.01,30893.01,CUST1092,Nakuru,Mobile Money
TXN100512,2025-10-09,Tablet,Mobile,3,45150.8,135452.4,CUST1245,Nairobi,Card
TXN100037,09/10/2025,Laptop,Computers,4,72817.99,291271.96,CUST1050,,Card
TXN102490,2025-05-01,  Headphones ,Accessories,4,37908.28,151633.12,CUST1158,Kisumu,Mobile Money
TXN100802,2025-01-23,  Laptop ,Computers,5,59470.75,297353.75,CUST1066,Mombasa,Card
TXN102955,2025-05-01,Keyboard,Accessories,4,15064.7,60258.8,CUST1121,Eldoret,Card
TXN100398,12/10/2025,Phone,Mobile,4,40671.51,162686.04,CUST1262,Nakuru,Card
TXN101530,2025-01-25,Tablet,Mobile,4,22603.69,90414.76,CUST1093,Nairobi,Card
TXN101635,2025-04-01,Keyboard,Accessories,3,10647.51,31942.53,CUST1234,Nakuru,Cash
TXN102068,2025-08-07,  Phone ,Mobile,1,57980.5,57980.5,CUST1202,Nakuru,Card
TXN101521,2025-11-02,Tablet,Mobile,3,38955.02,116865.06,CUST1377,,Bank Transfer
TXN102900,2025-05-19,Laptop,Computers,3,7625.94,22877.82,CUST1211,Eldoret,CARD
TXN101524,08/08/2025,Headphones,Accessories,2,60136.58,120273.16,CUST1101,Nakuru,CARD
TXN101292,2025-12-14,Keyboard,Accessories,3,17670.71,53012.13,CUST1011,Eldoret,Cash
TXN100395,2025-02-07,Keyboard,Accessories,3,71925.94,215777.82,CUST1042,Kisumu,Mobile Money
TXN100094,2025-11-30,Headphones,Accessories,2,58687.9,117375.8,CUST1020,Nairobi,Mobile Money
TXN100786,2025-01-22,Headphones,Accessories,2,56810.2,113620.4,CUST1381,Eldoret,Card
TXN102590,2025-03-02,Phone,Mobile,5,12539.1,62695.5,CUST1371,Mombasa,Cash
TXN100773,2025-10-15,Keyboard,Accessories,3,17377.1,52131.3,CUST1223,Nakuru,Mobile Money
TXN101886,2025-08-20,Headphones,Accessories,5,64454.8,322274.0,CUST1114,Eldoret,Card
TXN101740,04/08/2025,Keyboard,Accessories,1,86195.51,86195.51,CUST1045,Mombasa,Cash
TXN102815,2025-03-08,  Laptop ,Computers,4,36541.32,146165.28,CUST1092,Nairobi,Card
TXN102556,26/02/2025,Keyboard,Accessories,1,58840.84,58840.84,CUST1356,Nairobi,Bank Transfer
TXN101647,2025-03-30,Tablet,Mobile,4,87973.33,351893.32,CUST1206,Kisumu,Mobile Money
TXN102737,2025-05-02,Monitor,Computers,2,61569.32,123138.64,CUST1188,Nairobi,Cash
TXN101075,2025-04-24,Laptop,Computers,2,14332.66,28665.32,CUST1096,Eldoret,Card
TXN102143,2025-05-08,Headphones,Accessories,3,32037.87,96113.61,CUST1141,Nakuru,Card
TXN100196,2025-02-13,Phone,Mobile,4,,26033.72,CUST1047,Nakuru,CARD
TXN102727,2025-11-06,Laptop,Computers,3,71955.47,215866.41,CUST1354,Mombasa,Bank Transfer
TXN100407,2025-04-13,Headphones,Accessories,5,85281.46,426407.3,CUST1245,Kisumu,Mobile Money
TXN100661,2025-10-03,Laptop,Computers,2,87460.77,174921.54,CUST1273,Nairobi,Card
TXN100578,2025-09-22,Headphones,Accessories,3,17358.23,52074.69,CUST1391,Mombasa,Card
TXN101192,2025-08-26,Keyboard,Accessories,4,37465.24,149860.96,CUST1338,Eldoret,Cash
TXN101022,07/01/2025,  Phone ,Mobile,1,50484.58,50484.58,CUST1354,,Mobile Money
TXN102383,2025-01-31,  Tablet ,Mobile,4,1501.83,6007.32,CUST1261,Nairobi,Card
TXN100317,2025-09-30,Headphones,Accessories,2,41639.89,83279.78,CUST1175,Eldoret,CASH
TXN101733,2025-07-01,Headphones,Accessories,2,3376.23,6752.46,CUST1127,Nakuru,Bank Transfer
TXN101406,07/08/2025,Monitor,Computers,1,68692.67,68692.67,CUST1042,Kisumu,Mobile Money
TXN101695,2025-07-17,Laptop,Computers,2,42399.46,84798.92,CUST1096,,Card
TXN101854,2025-12-28,Laptop,Computers,4,9489.27,37957.08,CUST1266,Kisumu,Mobile Money
TXN100770,2025-01-06,Monitor,Computers,3,14436.72,43310.16,CUST1000,Eldoret,Mobile Money
TXN102071,2025-02-08,Keyboard,Accessories,3,57276.46,171829.38,CUST1289,Nairobi,CARD
TXN101377,03/07/2025,Tablet,Mobile,3,14237.93,42713.79,CUST1091,Mombasa,Card
TXN102876,30/10/2025,Keyboard,Accessories,4,60853.47,243413.88,CUST1138,Mombasa,Bank Transfer
TXN100544,2025-03-29,Phone,Mobile,1,2803.34,2803.34,CUST1326,Kisumu,Card
TXN102318,2025-12-23,  Monitor ,Computers,1,60432.97,60432.97,CUST1212,Eldoret,Card
TXN102222,2025-02-07,  Phone ,Mobile,1,50945.67,50945.67,CUST1010,Nakuru,Bank Transfer
TXN102667,2025-08-20,Laptop,Computers,1,60198.8,60198.8,CUST1353,Nairobi,Card
TXN100546,2025-07-09,Laptop,Computers,5,35183.68,175918.4,CUST1195,Kisumu,Mobile Money
TXN102712,2025-03-24,Phone,Mobile,1,1754.21,1754.21,CUST1327,Nairobi,Bank Transfer
TXN102624,2025-05-08,Keyboard,Accessories,4,45111.03,180444.12,CUST1264,Mombasa,BANK TRANSFER
TXN102270,27/05/2025,Keyboard,Accessories,4,45845.57,183382.28,CUST1111,Nakuru,CASH
TXN102456,31/12/2025,Laptop,Computers,1,13561.54,13561.54,CUST1287,Kisumu,CARD
TXN102301,2025-01-06,Phone,Mobile,4,38357.72,153430.88,CUST1152,Kisumu,Mobile Money
TXN102781,2025-08-30,  Headphones ,Accessories,1,48159.92,48159.92,CUST1206,Eldoret,Card
TXN100635,30/03/2025,  Keyboard ,Accessories,2,62417.69,124835.38,CUST1374,Mombasa,Card
TXN102742,2025-11-23,  Headphones ,Accessories,5,26827.67,134138.35,CUST1126,Mombasa,CASH
TXN100590,28/03/2025,Monitor,Computers,3,19239.72,57719.16,CUST1295,Mombasa,Bank Transfer
TXN101057,2025-06-07,  Laptop ,Computers,3,31370.36,94111.08,CUST1228,Eldoret,Card
TXN101429,04/01/2025,Laptop,Computers,3,,203357.94,CUST1340,Eldoret,CARD
TXN102926,2025-09-04,Keyboard,Accessories,5,88387.08,441935.4,CUST1364,Nakuru,Mobile Money
TXN100108,2025-07-28,Keyboard,Accessories,2,8162.36,16324.72,CUST1250,Eldoret,Mobile Money
TXN100718,2025-12-25,Tablet,Mobile,2,,80940.48,CUST1082,Nairobi,Mobile Money
TXN102254,17/01/2025,  Tablet ,Mobile,1,,30296.24,CUST1066,Eldoret,Card
TXN101595,2025-11-05,  Laptop ,Computers,1,7463.87,7463.87,CUST1398,Kisumu,Card
TXN102973,2025-11-11,Keyboard,Accessories,4,4255.21,17020.84,CUST1007,,Mobile Money
TXN101831,2025-08-04,Headphones,Accessories,1,,7794.78,CUST1258,Mombasa,Bank Transfer
TXN101010,31/07/2025,  Phone ,Mobile,1,21722.09,21722.09,CUST1102,Nakuru,MOBILE MONEY
TXN102694,2025-11-19,Monitor,Computers,4,69742.06,278968.24,CUST1267,Mombasa,Bank Transfer
TXN100977,2025-12-25,Tablet,Mobile,4,24346.07,97384.28,CUST1168,Nakuru,Card
TXN100712,2025-01-04,Headphones,Accessories,2,989.52,1979.04,CUST1295,Eldoret,Card
TXN101552,2025-01-09,Phone,Mobile,3,16317.8,48953.4,CUST1275,Eldoret,Card
TXN100287,10/10/2025,Laptop,Computers,3,18069.02,54207.06,CUST1140,Mombasa,Cash
TXN101084,16/03/2025,Tablet,Mobile,3,3118.69,9356.07,CUST1382,Kisumu,Cash
TXN101781,2025-11-10,Laptop,Computers,4,54034.21,216136.84,CUST1041,Eldoret,Bank Transfer
TXN101425,2025-01-31,Keyboard,Accessories,2,17114.6,34229.2,CUST1383,Mombasa,Mobile Money
TXN102195,28/10/2025,Phone,Mobile,1,27987.22,27987.22,CUST1382,Eldoret,Mobile Money
TXN101813,2025-12-02,Keyboard,Accessories,1,21324.18,21324.18,CUST1019,Mombasa,Bank Transfer
TXN101699,2025-03-26,Phone,Mobile,1,25366.54,25366.54,CUST1351,Kisumu,Card
TXN101979,2025-12-19,Headphones,Accessories,3,87480.82,262442.46,CUST1316,Mombasa,Bank Transfer
TXN102103,2025-07-26,Phone,Mobile,1,67015.08,67015.08,CUST1144,Eldoret,Card
TXN100744,2025-12-19,Laptop,Computers,5,41676.32,208381.6,CUST1004,Nairobi,Mobile Money
TXN101232,2025-04-16,Tablet,Mobile,4,40433.92,161735.68,CUST1278,Eldoret,Bank Transfer
TXN102755,07/07/2025,Laptop,Computers,2,65739.46,131478.92,CUST1317,Mombasa,Bank Transfer
TXN101422,05/02/2025,Phone,Mobile,4,641.28,2565.12,CUST1396,Nakuru,BANK TRANSFER
TXN100200,2025-02-25,  Phone ,Mobile,4,20569.92,82279.68,CUST1179,Eldoret,Cash
TXN102328,07/01/2025,Phone,Mobile,5,2631.22,13156.1,CUST1110,Mombasa,CASH
TXN102776,2025-02-05,Headphones,Accessories,2,,170996.86,CUST1269,,Mobile Money
TXN102265,2025-11-17,Tablet,Mobile,1,35127.63,35127.63,CUST1271,Mombasa,Bank Transfer
TXN101206,2025-10-11,Monitor,Computers,5,53827.64,269138.2,CUST1148,Nairobi,Bank Transfer
TXN102777,24/02/2025,Tablet,Mobile,5,72791.76,363958.8,CUST1377,Mombasa,Mobile Money
TXN101491,2025-06-06,  Phone ,Mobile,5,,328426.5,CUST1301,Nakuru,Card
TXN100525,06/12/2025,  Laptop ,Computers,3,63556.15,190668.45,CUST1202,Eldoret,Card
TXN101447,29/05/2025,Phone,Mobile,2,23688.91,47377.82,CUST1044,Nairobi,Card
TXN102112,2025-06-25,Tablet,Mobile,1,60287.14,60287.14,CUST1390,Eldoret,Cash
TXN102206,2025-08-18,Tablet,Mobile,4,,16964.16,CUST1065,Mombasa,Card
TXN100807,17/05/2025,Headphones,Accessories,1,74216.05,74216.05,CUST1270,Nairobi,Card
TXN100506,24/04/2025,  Phone ,Mobile,1,,1570.14,CUST1066,Mombasa,Bank Transfer
TXN100479,2025-05-13,Headphones,Accessories,5,46791.44,233957.2,CUST1085,Kisumu,Mobile Money
TXN100687,2025-07-23,Monitor,Computers,5,46181.87,230909.35,CUST1186,Eldoret,CARD
TXN101487,2025-05-07,  Monitor ,Computers,1,86779.58,86779.58,CUST1039,,Card
TXN102132,15/02/2025,Headphones,Accessories,2,,94588.24,CUST1374,Eldoret,CASH
TXN100396,2025-06-12,  Monitor ,Computers,2,66699.15,133398.3,CUST1184,Nairobi,Card
TXN102276,2025-04-08,Monitor,Computers,3,49359.56,148078.68,CUST1116,Eldoret,Mobile Money
TXN101471,02/02/2025,Keyboard,Accessories,2,9399.99,18799.98,CUST1365,Eldoret,Mobile Money
TXN101495,2025-10-18,Tablet,Mobile,2,13268.98,26537.96,CUST1376,Kisumu,Card
TXN101821,2025-09-19,Keyboard,Accessories,2,72819.06,145638.12,CUST1366,Eldoret,Cash
TXN101520,2025-09-14,Laptop,Computers,2,14421.01,28842.02,CUST1006,Mombasa,Card
TXN102100,29/08/2025,Keyboard,Accessories,1,28373.06,28373.06,CUST1131,Mombasa,Cash
TXN100602,2025-08-03,Keyboard,Accessories,5,63215.01,316075.05,CUST1053,Eldoret,Card
TXN100240,2025-08-18,Keyboard,Accessories,3,67839.01,203517.03,CUST1119,Eldoret,Mobile Money
TXN102372,2025-05-08,Laptop,Computers,2,,87304.16,CUST1002,Nakuru,Mobile Money
TXN100448,2025-07-12,Keyboard,Accessories,3,56689.25,170067.75,CUST1231,Nairobi,CARD
TXN101770,2025-06-24,Keyboard,Accessories,5,,389359.8,CUST1094,Eldoret,Bank Transfer
TXN102571,02/01/2025,Tablet,Mobile,4,87981.93,351927.72,CUST1076,Nairobi,CASH
TXN100013,2025-01-29,Tablet,Mobile,3,75935.25,227805.75,CUST1117,Nairobi,Cash
TXN101748,2025-02-23,Keyboard,Accessories,1,22624.94,22624.94,CUST1242,,BANK TRANSFER
TXN102714,2025-10-07,Keyboard,Accessories,4,15859.96,63439.84,CUST1174,Nakuru,BANK TRANSFER
TXN102897,2025-02-02,  Laptop ,Computers,5,37766.98,188834.9,CUST1240,Nakuru,Card
TXN101759,2025-12-04,  Monitor ,Computers,2,25411.44,50822.88,CUST1155,Nakuru,Card
TXN102665,2025-09-02,Phone,Mobile,3,27210.4,81631.2,CUST1341,Eldoret,MOBILE MONEY
TXN101923,2025-03-20,Laptop,Computers,3,3080.91,9242.73,CUST1361,Mombasa,Mobile Money
TXN100376,31/01/2025,Phone,Mobile,5,89133.96,445669.8,CUST1268,Nairobi,Card
TXN102799,2025-12-29,Tablet,Mobile,1,19674.23,19674.23,CUST1167,Mombasa,Mobile Money
TXN100263,2025-01-25,Tablet,Mobile,2,26106.93,52213.86,CUST1335,Kisumu,Cash
TXN100615,2025-07-14,Keyboard,Accessories,4,16722.82,66891.28,CUST1398,Kisumu,Card
TXN100857,2025-11-02,Keyboard,Accessories,5,,276532.0,CUST1118,Mombasa,Card
TXN100503,2025-12-31,Phone,Mobile,3,13774.98,41324.94,CUST1127,Kisumu,Bank Transfer
TXN100057,2025-04-18,  Headphones ,Accessories,1,80953.75,80953.75,CUST1349,Mombasa,CARD
TXN100983,2025-11-19,Tablet,Mobile,4,80733.23,322932.92,CUST1352,Kisumu,Bank Transfer
TXN101366,2025-03-31,Tablet,Mobile,3,35502.59,106507.77,CUST1212,Mombasa,Mobile Money
TXN102364,2025-02-14,Monitor,Computers,1,86667.76,86667.76,CUST1243,Kisumu,Card
TXN100266,05/11/2025,Laptop,Computers,4,,30255.88,CUST1092,Eldoret,Cash
TXN101514,2025-08-13,Laptop,Computers,4,59237.03,236948.12,CUST1082,Mombasa,CASH
TXN102761,19/06/2025,Monitor,Computers,2,80171.58,160343.16,CUST1285,Nakuru,Bank Transfer
TXN100232,2025-12-24,Headphones,Accessories,3,87108.84,261326.52,CUST1339,Nakuru,Mobile Money
TXN102682,24/06/2025,Tablet,Mobile,5,55095.63,275478.15,CUST1015,Eldoret,Mobile Money
TXN102004,2025-07-30,Keyboard,Accessories,4,87695.14,350780.56,CUST1096,Nairobi,Mobile Money
TXN102053,2025-06-11,Headphones,Accessories,3,74716.2,224148.6,CUST1230,Kisumu,Bank Transfer
TXN102500,2025-05-03,Phone,Mobile,1,79637.61,79637.61,CUST1262,Eldoret,Bank Transfer
TXN101470,27/11/2025,  Keyboard ,Accessories,2,34864.41,69728.82,CUST1359,Nakuru,Cash
TXN101675,2025-09-27,  Monitor ,Computers,3,54361.27,163083.81,CUST1111,Nairobi,Cash
TXN101256,23/06/2025,Monitor,Computers,2,81071.88,162143.76,CUST1276,Nairobi,Bank Transfer
TXN101977,22/07/2025,Tablet,Mobile,1,48048.53,48048.53,CUST1127,Mombasa,Card
TXN101224,31/08/2025,Monitor,Computers,1,22455.79,22455.79,CUST1174,Kisumu,Mobile Money
TXN100785,2025-04-17,Monitor,Computers,1,47141.95,47141.95,CUST1242,Nakuru,Cash
TXN102867,2025-03-23,Laptop,Computers,4,5415.56,21662.24,CUST1338,Nairobi,Cash
TXN100173,2025-10-15,Monitor,Computers,1,55949.44,55949.44,CUST1167,Eldoret,Mobile Money
TXN100141,08/01/2025,Tablet,Mobile,2,28312.14,56624.28,CUST1282,Nakuru,Card
TXN100204,29/09/2025,Phone,Mobile,1,8712.31,8712.31,CUST1110,Nakuru,Bank Transfer
TXN102098,2025-04-25,Phone,Mobile,1,1836.99,1836.99,CUST1047,Nakuru,Card
TXN101324,2025-01-12,Keyboard,Accessories,2,16479.46,32958.92,CUST1090,,Card
TXN102111,2025-09-07,Headphones,Accessories,2,,46695.92,CUST1395,Eldoret,BANK TRANSFER
TXN100863,2025-01-22,  Phone ,Mobile,4,36735.58,146942.32,CUST1311,Nakuru,Cash
TXN102986,31/10/2025,Headphones,Accessories,1,,54965.37,CUST1206,Mombasa,Bank Transfer
TXN101881,2025-04-10,Tablet,Mobile,5,71439.49,357197.45,CUST1310,Kisumu,Cash
TXN101734,2025-06-04,Monitor,Computers,1,80426.51,80426.51,CUST1305,Kisumu,Mobile Money
TXN100681,2025-06-19,Headphones,Accessories,3,12520.37,37561.11,CUST1245,,Bank Transfer
TXN101809,27/08/2025,Monitor,Computers,1,39871.88,39871.88,CUST1018,Kisumu,Bank Transfer
TXN102917,2025-01-15,Phone,Mobile,5,72571.18,362855.9,CUST1217,Mombasa,Mobile Money
TXN100845,2025-09-29,Keyboard,Accessories,1,,4057.84,CUST1156,Kisumu,Bank Transfer
TXN102503,2025-03-17,Monitor,Computers,5,18553.33,92766.65,CUST1170,Eldoret,Cash
TXN101745,2025-10-15,Tablet,Mobile,2,46705.63,93411.26,CUST1379,Nakuru,Mobile Money
TXN101704,29/11/2025,Headphones,Accessories,3,9254.24,27762.72,CUST1195,Nakuru,MOBILE MONEY
TXN101870,2025-03-27,Monitor,Computers,4,20307.25,81229.0,CUST1274,Mombasa,Card
TXN100789,05/05/2025,Keyboard,Accessories,1,35924.84,35924.84,CUST1004,Nairobi,Bank Transfer
TXN102526,2025-09-05,Phone,Mobile,2,56086.22,112172.44,CUST1396,Eldoret,Card
TXN101523,2025-04-06,Keyboard,Accessories,2,65767.75,131535.5,CUST1127,Kisumu,Card
TXN101083,16/04/2025,Laptop,Computers,1,82848.78,82848.78,CUST1300,Mombasa,Mobile Money
TXN101683,2025-10-12,Headphones,Accessories,3,36330.82,108992.46,CUST1396,Kisumu,Bank Transfer
TXN102998,2025-06-29,Monitor,Computers,1,5773.11,5773.11,CUST1287,Nairobi,Card
TXN102565,2025-07-19,Tablet,Mobile,3,75632.38,226897.14,CUST1138,Mombasa,Bank Transfer
TXN100268,2025-08-16,Keyboard,Accessories,4,15414.71,61658.84,CUST1179,Nakuru,Card
TXN102047,18/12/2025,Laptop,Computers,4,31147.64,124590.56,CUST1275,Mombasa,Mobile Money
TXN101096,2025-06-23,Laptop,Computers,3,87781.07,263343.21,CUST1102,Eldoret,Bank Transfer
TXN102320,2025-10-25,Laptop,Computers,3,63313.27,189939.81,CUST1188,Eldoret,Mobile Money
TXN100511,18/03/2025,Headphones,Accessories,3,40418.02,121254.06,CUST1017,Eldoret,Mobile Money
TXN102825,2025-08-21,Laptop,Computers,1,20983.26,20983.26,CUST1060,Mombasa,Cash
TXN101706,2025-01-26,Keyboard,Accessories,4,,41088.08,CUST1330,Mombasa,Card
TXN100100,2025-11-04,Tablet,Mobile,3,76601.24,229803.72,CUST1061,Eldoret,Card
TXN100012,14/07/2025,Keyboard,Accessories,2,15124.52,30249.04,CUST1138,Eldoret,Mobile Money
TXN100644,16/03/2025,  Phone ,Mobile,3,,184990.29,CUST1031,Kisumu,Mobile Money
TXN102910,2025-07-10,Keyboard,Accessories,5,23761.53,118807.65,CUST1306,Nairobi,Bank Transfer
TXN100778,14/06/2025,Tablet,Mobile,5,44533.64,222668.2,CUST1009,Mombasa,Card
TXN102751,2025-02-08,  Tablet ,Mobile,5,74277.41,371387.05,CUST1057,Nakuru,Bank Transfer
TXN102812,2025-03-19,Phone,Mobile,4,4833.27,19333.08,CUST1374,,Card
TXN102407,2025-05-11,  Laptop ,Computers,1,17409.06,17409.06,CUST1253,Nakuru,Cash
TXN101010,31/07/2025,  Phone ,Mobile,1,21722.09,21722.09,CUST1102,Nakuru,MOBILE MONEY
TXN102369,2025-07-18,Monitor,Computers,3,62893.23,188679.69,CUST1274,Nairobi,Cash
TXN101631,07/04/2025,Laptop,Computers,2,67240.82,134481.64,CUST1215,Eldoret,Mobile Money
TXN102333,2025-11-27,Laptop,Computers,1,33440.45,33440.45,CUST1097,Nakuru,Cash
TXN100971,2025-02-01,Phone,Mobile,1,25317.23,25317.23,CUST1195,Nakuru,Cash
TXN100020,2025-10-02,  Tablet ,Mobile,1,61513.08,61513.08,CUST1384,Kisumu,Cash
TXN100749,2025-10-12,  Laptop ,Computers,3,72465.84,217397.52,CUST1221,Nakuru,Mobile Money
TXN100029,29/10/2025,Phone,Mobile,1,30758.66,30758.66,CUST1283,Mombasa,Mobile Money
TXN100117,09/09/2025,Tablet,Mobile,2,57589.33,115178.66,CUST1052,Nairobi,Cash
TXN102430,2025-11-03,Phone,Mobile,5,58228.3,291141.5,CUST1271,Mombasa,CARD
TXN101124,10/01/2025,Tablet,Mobile,5,16663.78,83318.9,CUST1321,Eldoret,Mobile Money
TXN100974,2025-04-22,Phone,Mobile,5,69299.31,346496.55,CUST1314,Nairobi,Bank Transfer
TXN100563,06/11/2025,Headphones,Accessories,3,65727.55,197182.65,CUST1330,Nairobi,Mobile Money
TXN101550,09/10/2025,Headphones,Accessories,1,85205.29,85205.29,CUST1135,Mombasa,Bank Transfer
TXN102478,27/05/2025,Monitor,Computers,4,76525.78,306103.12,CUST1124,Eldoret,Mobile Money
TXN100490,2025-07-08,Tablet,Mobile,5,22211.27,111056.35,CUST1302,Nakuru,MOBILE MONEY
TXN100046,2025-12-10,Phone,Mobile,3,35922.83,107768.49,CUST1330,Kisumu,Bank Transfer
TXN100492,2025-11-22,Laptop,Computers,2,48968.3,97936.6,CUST1355,Nairobi,Cash
TXN101771,31/08/2025,Phone,Mobile,2,51548.12,103096.24,CUST1256,Kisumu,Cash
TXN101564,2025-10-06,Monitor,Computers,2,22320.89,44641.78,CUST1354,,Card
TXN102852,17/11/2025,Laptop,Computers,3,86874.74,260624.22,CUST1301,Nairobi,Card
TXN102637,18/12/2025,Tablet,Mobile,3,3859.92,11579.76,CUST1327,Nairobi,Cash
TXN102311,04/07/2025,Tablet,Mobile,2,8721.42,17442.84,CUST1182,Kisumu,Card
TXN100768,24/11/2025,Tablet,Mobile,5,39430.47,197152.35,CUST1327,Eldoret,Cash
TXN101444,2025-12-07,Headphones,Accessories,2,64866.16,129732.32,CUST1243,Nairobi,MOBILE MONEY
TXN102134,2025-11-24,Headphones,Accessories,3,81473.46,244420.38,CUST1260,Kisumu,BANK TRANSFER
TXN102655,2025-10-02,Tablet,Mobile,3,12139.69,36419.07,CUST1208,Nairobi,Cash
TXN102248,11/03/2025,Laptop,Computers,3,6665.65,19996.95,CUST1319,Kisumu,Bank Transfer
TXN101995,2025-11-16,Phone,Mobile,5,52851.85,264259.25,CUST1180,Eldoret,Bank Transfer
TXN101068,09/01/2025,Headphones,Accessories,5,66099.68,330498.4,CUST1132,Mombasa,Card
TXN101305,03/11/2025,Keyboard,Accessories,4,21363.52,85454.08,CUST1337,Eldoret,Card
TXN102296,2025-01-31,Tablet,Mobile,2,33058.53,66117.06,CUST1242,Mombasa,MOBILE MONEY
TXN100564,2025-07-28,Monitor,Computers,2,82252.24,164504.48,CUST1379,Nakuru,Cash
TXN100609,29/05/2025,  Laptop ,Computers,2,78735.57,157471.14,CUST1184,Kisumu,Bank Transfer
TXN101536,2025-10-28,Tablet,Mobile,5,11271.71,56358.55,CUST1335,Mombasa,Mobile Money
TXN101940,2025-12-25,  Tablet ,Mobile,3,19066.5,57199.5,CUST1257,Eldoret,Cash
TXN101423,2025-03-29,Tablet,Mobile,3,66107.28,198321.84,CUST1090,Kisumu,Mobile Money
TXN101414,07/05/2025,  Tablet ,Mobile,4,83423.43,333693.72,CUST1124,Nakuru,Card
TXN102425,2025-07-14,Phone,Mobile,3,,242734.53,CUST1307,Nakuru,CARD
TXN100576,2025-12-06,Keyboard,Accessories,1,1157.61,1157.61,CUST1191,,Cash
TXN100626,2025-12-10,Keyboard,Accessories,5,19013.19,95065.95,CUST1233,Kisumu,Cash
TXN101705,2025-11-01,Headphones,Accessories,2,36540.94,73081.88,CUST1141,Eldoret,Bank Transfer
TXN101483,25/03/2025,Headphones,Accessories,4,58654.32,234617.28,CUST1204,Nakuru,Card
TXN101236,2025-10-04,Laptop,Computers,1,80183.58,80183.58,CUST1303,Kisumu,Mobile Money
TXN102629,23/02/2025,Tablet,Mobile,5,39064.57,195322.85,CUST1158,Kisumu,Card
TXN102414,19/03/2025,  Keyboard ,Accessories,3,,227246.22,CUST1011,Eldoret,Cash
TXN102933,2025-07-05,Keyboard,Accessories,3,79139.17,237417.51,CUST1385,Kisumu,Card
TXN102474,2025-05-05,Keyboard,Accessories,3,27268.07,81804.21,CUST1083,Eldoret,BANK TRANSFER
TXN102027,2025-09-14,Headphones,Accessories,2,53048.62,106097.24,CUST1160,Eldoret,Cash
TXN102024,2025-05-30,Phone,Mobile,2,13614.09,27228.18,CUST1196,Kisumu,Mobile Money
TXN100755,2025-12-14,Monitor,Computers,1,,31922.6,CUST1310,Mombasa,Mobile Money
TXN101815,2025-01-23,Laptop,Computers,3,48869.5,146608.5,CUST1307,Mombasa,Cash
TXN101650,2025-11-18,Laptop,Computers,1,39649.18,39649.18,CUST1394,Eldoret,Mobile Money
TXN101718,29/06/2025,Headphones,Accessories,3,41009.16,123027.48,CUST1279,Kisumu,Bank Transfer
TXN100639,2025-04-13,Tablet,Mobile,5,57116.2,285581.0,CUST1107,Eldoret,Cash
TXN101062,2025-03-12,Tablet,Mobile,5,68094.32,340471.6,CUST1102,Mombasa,Bank Transfer
TXN100043,12/12/2025,Phone,Mobile,1,53755.64,53755.64,CUST1120,Nakuru,Card
TXN100007,13/07/2025,Keyboard,Accessories,1,87593.86,87593.86,CUST1040,Eldoret,Cash
TXN102437,2025-08-25,Phone,Mobile,5,11610.29,58051.45,CUST1283,Kisumu,Mobile Money
TXN100738,04/05/2025,Monitor,Computers,2,21520.09,43040.18,CUST1135,Mombasa,MOBILE MONEY
TXN100032,20/10/2025,Keyboard,Accessories,2,,130480.1,CUST1295,Nakuru,Mobile Money
TXN100470,2025-10-19,Headphones,Accessories,2,35122.02,70244.04,CUST1215,Kisumu,Mobile Money
TXN100471,2025-02-04,Monitor,Computers,874,1993.7,1993.7,CUST1007,Kisumu,Mobile Money
TXN100421,2025-12-23,Headphones,Accessories,4,9237.26,36949.04,CUST1231,Kisumu,Card
TXN101820,2025-03-18,Headphones,Accessories,1,,26533.1,CUST1302,Nairobi,Card
TXN102126,2025-07-25,Phone,Mobile,3,13069.41,39208.23,CUST1063,Eldoret,Mobile Money
TXN101698,2025-11-14,Headphones,Accessories,4,87768.29,351073.16,CUST1262,Mombasa,BANK TRANSFER
TXN101780,2025-10-16,Monitor,Computers,1,72606.76,72606.76,CUST1312,Nairobi,Cash
TXN101747,2025-01-01,Keyboard,Accessories,2,10766.44,21532.88,CUST1078,Eldoret,CARD
TXN102287,2025-03-04,Tablet,Mobile,5,38895.27,194476.35,CUST1306,Mombasa,Cash
TXN102807,2025-03-25,Laptop,Computers,3,75248.98,225746.94,CUST1107,Eldoret,Card
TXN101764,2025-08-04,  Phone ,Mobile,4,68145.34,272581.36,CUST1032,Nairobi,Cash
TXN100905,26/09/2025,Headphones,Accessories,4,66053.48,264213.92,CUST1158,Kisumu,Mobile Money
TXN101140,2025-03-16,  Monitor ,Computers,2,86716.72,173433.44,CUST1185,Nakuru,Cash
TXN102918,2025-07-15,Headphones,Accessories,3,72004.23,216012.69,CUST1066,Mombasa,Bank Transfer
TXN102247,2025-12-10,Monitor,Computers,1,87341.56,87341.56,CUST1290,,Cash
TXN101189,2025-08-28,Keyboard,Accessories,5,8015.32,40076.6,CUST1223,Nairobi,Bank Transfer
TXN100464,13/03/2025,Phone,Mobile,1,80745.07,80745.07,CUST1385,Nairobi,Bank Transfer
TXN101467,2025-12-01,Tablet,Mobile,4,25131.84,100527.36,CUST1227,Kisumu,Card
TXN101905,2025-05-11,  Headphones ,Accessories,5,69145.5,345727.5,CUST1287,Eldoret,Mobile Money
TXN100958,01/03/2025,Laptop,Computers,3,68115.81,204347.43,CUST1026,Mombasa,Bank Transfer
TXN102335,15/04/2025,Headphones,Accessories,2,24013.95,48027.9,CUST1061,Nairobi,Bank Transfer
TXN100667,2025-10-27,Tablet,Mobile,5,6159.76,30798.8,CUST1023,Nairobi,CASH
TXN100009,2025-02-10,Laptop,Computers,2,69689.62,139379.24,CUST1119,Nairobi,Bank Transfer
TXN102992,2025-07-24,Tablet,Mobile,1,6171.56,6171.56,CUST1112,Kisumu,Bank Transfer
TXN101853,2025-09-20,Headphones,Accessories,4,56940.84,227763.36,CUST1344,Nairobi,Cash
TXN102596,16/08/2025,Monitor,Computers,4,15906.08,63624.32,CUST1142,Kisumu,Cash
TXN100250,2025-02-10,Monitor,Computers,5,969.98,4849.9,CUST1009,Kisumu,Mobile Money
TXN101379,2025-11-03,Monitor,Computers,3,40236.81,120710.43,CUST1002,Nairobi,Bank Transfer
TXN100065,2025-06-26,Laptop,Computers,1,53893.13,53893.13,CUST1373,Kisumu,Bank Transfer
TXN101078,02/03/2025,  Phone ,Mobile,3,3073.98,9221.94,CUST1113,Mombasa,Mobile Money
TXN100432,2025-07-16,Monitor,Computers,5,12839.12,64195.6,CUST1216,Mombasa,BANK TRANSFER
TXN102244,2025-05-08,Tablet,Mobile,3,62251.75,186755.25,CUST1058,Mombasa,Bank Transfer
TXN100048,2025-03-09,Keyboard,Accessories,2,45776.68,91553.36,CUST1178,Nairobi,Mobile Money
TXN102566,2025-01-09,Phone,Mobile,4,81480.19,325920.76,CUST1399,Mombasa,BANK TRANSFER
TXN101196,10/02/2025,Headphones,Accessories,2,19390.62,38781.24,CUST1382,Eldoret,Cash
TXN101294,2025-12-15,Monitor,Computers,4,25026.19,100104.76,CUST1265,Nakuru,BANK TRANSFER
TXN101257,2025-03-26,Tablet,Mobile,3,58309.53,174928.59,CUST1362,Nairobi,Cash
TXN101779,2025-06-18,Laptop,Computers,2,18778.88,37557.76,CUST1387,Nairobi,Mobile Money
TXN101240,2025-10-21,Headphones,Accessories,3,25965.93,77897.79,CUST1344,Mombasa,Bank Transfer
TXN101957,28/12/2025,Monitor,Computers,4,74905.56,299622.24,CUST1124,Nairobi,BANK TRANSFER
TXN102014,2025-10-01,Tablet,Mobile,5,58414.5,292072.5,CUST1365,Nairobi,Bank Transfer
TXN100129,2025-10-19,  Headphones ,Accessories,5,67531.72,337658.6,CUST1147,Nakuru,CARD
TXN101619,2025-08-21,  Tablet ,Mobile,4,10732.22,42928.88,CUST1019,Eldoret,Mobile Money
TXN101475,2025-04-16,Laptop,Computers,1,12029.03,12029.03,CUST1334,Mombasa,Card
TXN102432,2025-02-10,Keyboard,Accessories,5,4980.82,24904.1,CUST1268,Kisumu,Bank Transfer
TXN102899,2025-01-02,Keyboard,Accessories,569,86100.14,430500.7,CUST1205,Nakuru,Mobile Money
TXN102957,2025-10-18,Monitor,Computers,2,84961.28,169922.56,CUST1107,Mombasa,Card
TXN101153,12/01/2025,  Keyboard ,Accessories,2,2355.75,4711.5,CUST1285,Eldoret,Mobile Money
TXN100237,2025-11-13,Tablet,Mobile,3,78937.15,236811.45,CUST1067,Eldoret,BANK TRANSFER
TXN101792,28/12/2025,Headphones,Accessories,5,18924.56,94622.8,CUST1376,Kisumu,MOBILE MONEY
TXN102023,2025-06-06,Headphones,Accessories,2,51303.77,102607.54,CUST1243,Nakuru,Cash
TXN102052,2025-06-05,Phone,Mobile,3,42742.36,128227.08,CUST1189,Mombasa,Cash
TXN101832,21/08/2025,Tablet,Mobile,2,81038.59,162077.18,CUST1007,Mombasa,Card
TXN100522,2025-09-27,  Phone ,Mobile,5,20083.4,100417.0,CUST1244,Nairobi,CASH
TXN100054,2025-05-15,Headphones,Accessories,2,57521.65,115043.3,CUST1082,,Bank Transfer
TXN102681,28/07/2025,Headphones,Accessories,1,80803.95,80803.95,CUST1339,Nairobi,Mobile Money
TXN102092,2025-02-01,Phone,Mobile,4,68724.76,274899.04,CUST1305,Mombasa,Cash
TXN102846,28/09/2025,Phone,Mobile,3,48086.41,144259.23,CUST1346,Kisumu,Bank Transfer
TXN100382,2025-04-09,Laptop,Computers,5,13826.32,69131.6,CUST1317,Eldoret,Cash
TXN102426,2025-12-24,  Tablet ,Mobile,5,22344.52,111722.6,CUST1033,Nakuru,Card
TXN101726,27/06/2025,Monitor,Computers,4,51216.29,204865.16,CUST1147,Nairobi,Card
TXN102891,2025-05-08,Phone,Mobile,1,52991.57,52991.57,CUST1183,Eldoret,Mobile Money
TXN102376,2025-07-08,Laptop,Computers,5,80843.21,404216.05,CUST1325,Eldoret,Card
TXN101830,2025-11-07,Tablet,Mobile,5,,300491.45,CUST1133,Kisumu,Cash
TXN100835,2025-04-30,Monitor,Computers,1,83217.08,83217.08,CUST1102,Kisumu,MOBILE MONEY
TXN102993,2025-04-19,Headphones,Accessories,1,41612.56,41612.56,CUST1069,Kisumu,Bank Transfer
TXN100463,2025-03-19,Tablet,Mobile,2,,113426.32,CUST1210,Eldoret,Bank Transfer
TXN102696,2025-09-11,Tablet,Mobile,3,24675.87,74027.61,CUST1225,Nakuru,Cash
TXN102795,2025-10-20,Headphones,Accessories,2,84799.9,169599.8,CUST1170,Kisumu,Cash
TXN101395,2025-11-03,Tablet,Mobile,1,21806.73,21806.73,CUST1227,Kisumu,Mobile Money
TXN102041,10/04/2025,Tablet,Mobile,4,70076.93,280307.72,CUST1301,Eldoret,Bank Transfer
TXN101430,04/01/2025,  Laptop ,Computers,2,47248.94,94497.88,CUST1192,Eldoret,Cash
TXN102634,29/09/2025,Headphones,Accessories,3,46411.72,139235.16,CUST1258,Nairobi,MOBILE MONEY
TXN102728,2025-05-09,Tablet,Mobile,5,64649.22,323246.1,CUST1259,Kisumu,MOBILE MONEY
TXN101242,2025-08-06,Monitor,Computers,1,13616.52,13616.52,CUST1210,,Card
TXN100595,2025-06-02,Phone,Mobile,1,74234.02,74234.02,CUST1148,Nakuru,Cash
TXN101707,19/01/2025,Phone,Mobile,1,5255.83,5255.83,CUST1294,Kisumu,Mobile Money
TXN101793,2025-10-10,Monitor,Computers,3,,254273.16,CUST1149,Mombasa,Cash
TXN101235,2025-06-09,Phone,Mobile,896,46294.61,46294.61,CUST1266,Kisumu,Mobile Money
TXN102614,2025-01-23,Keyboard,Accessories,4,42324.49,169297.96,CUST1306,Nairobi,Card
TXN101670,10/05/2025,Phone,Mobile,1,86249.72,86249.72,CUST1300,Nakuru,Cash
TXN100367,2025-06-20,Monitor,Computers,2,78317.91,156635.82,CUST1155,Nairobi,Mobile Money
TXN102904,2025-10-29,Tablet,Mobile,1,29795.73,29795.73,CUST1133,Kisumu,Card
TXN102280,2025-12-05,Laptop,Computers,4,71328.07,285312.28,CUST1088,Mombasa,Mobile Money
TXN100097,28/02/2025,  Keyboard ,Accessories,5,86754.26,433771.3,CUST1398,Mombasa,Cash
TXN101808,2025-06-14,Laptop,Computers,3,51375.48,154126.44,CUST1135,Mombasa,Bank Transfer
TXN102863,18/04/2025,Phone,Mobile,3,39601.99,118805.97,CUST1377,Eldoret,Cash
TXN101806,20/10/2025,Phone,Mobile,5,26976.33,134881.65,CUST1202,Nairobi,Cash
TXN100381,2025-12-12,Laptop,Computers,5,73277.57,366387.85,CUST1220,Mombasa,Card
TXN102031,2025-11-23,Headphones,Accessories,4,41609.29,166437.16,CUST1006,Eldoret,Mobile Money
TXN102246,2025-07-05,Phone,Mobile,1,52962.7,52962.7,CUST1225,,Mobile Money
TXN100028,2025-09-22,Monitor,Computers,3,39709.96,119129.88,CUST1231,Nairobi,Mobile Money
TXN100447,13/12/2025,Phone,Mobile,3,74649.12,223947.36,CUST1201,Nakuru,Mobile Money
TXN102345,10/07/2025,  Monitor ,Computers,2,52428.96,104857.92,CUST1239,Kisumu,Cash
TXN100820,03/06/2025,  Keyboard ,Accessories,2,21352.98,42705.96,CUST1047,Eldoret,Bank Transfer
TXN102620,13/10/2025,Monitor,Computers,5,77114.29,385571.45,CUST1235,Eldoret,Cash
TXN101971,2025-02-10,Keyboard,Accessories,4,78393.13,313572.52,CUST1076,Nairobi,Cash
TXN101615,24/07/2025,Headphones,Accessories,4,14659.42,58637.68,CUST1037,Mombasa,Bank Transfer
TXN101135,2025-09-26,Keyboard,Accessories,5,85495.87,427479.35,CUST1128,Nakuru,Card
TXN102623,2025-05-14,  Keyboard ,Accessories,5,66596.31,332981.55,CUST1320,Kisumu,Mobile Money
TXN100721,2025-07-09,Laptop,Computers,1,24046.73,24046.73,CUST1040,Eldoret,Card
TXN101803,11/10/2025,Monitor,Computers,1,72762.0,72762.0,CUST1198,Kisumu,Bank Transfer
TXN101225,01/08/2025,  Laptop ,Computers,3,33833.05,101499.15,CUST1184,Mombasa,Mobile Money
TXN102960,2025-08-11,Laptop,Computers,5,35041.61,175208.05,CUST1194,Nairobi,Card
TXN101686,2025-08-12,Laptop,Computers,3,77594.29,232782.87,CUST1115,Mombasa,Card
TXN101151,2025-03-10,Headphones,Accessories,4,43313.71,173254.84,CUST1133,Mombasa,Cash
TXN100779,2025-02-22,  Keyboard ,Accessories,1,17141.42,17141.42,CUST1144,Kisumu,MOBILE MONEY
TXN101023,28/11/2025,Phone,Mobile,3,26973.24,80919.72,CUST1046,Nairobi,Bank Transfer
TXN100004,2025-01-04,Monitor,Computers,5,25398.07,126990.35,CUST1388,Mombasa,Bank Transfer
TXN102535,30/07/2025,Phone,Mobile,3,30924.74,92774.22,CUST1038,Eldoret,Cash
TXN101365,28/05/2025,Keyboard,Accessories,1,66487.52,66487.52,CUST1330,Nakuru,Cash
TXN102297,2025-11-14,Tablet,Mobile,1,29785.69,29785.69,CUST1247,Eldoret,Mobile Money
TXN100516,2025-11-02,Headphones,Accessories,2,2832.64,5665.28,CUST1112,Nairobi,Cash
TXN102283,2025-09-13,  Phone ,Mobile,2,44044.86,88089.72,CUST1221,Nakuru,Mobile Money
TXN102532,2025-06-24,Monitor,Computers,5,89654.14,448270.7,CUST1061,Eldoret,Card
TXN102818,2025-10-02,Monitor,Computers,4,30689.53,122758.12,CUST1006,Mombasa,Bank Transfer
TXN100350,2025-07-13,Monitor,Computers,4,78331.02,313324.08,CUST1192,Nairobi,Mobile Money
TXN101262,2025-01-12,Keyboard,Accessories,1,44486.84,44486.84,CUST1174,Nakuru,Mobile Money
TXN102638,2025-04-17,Phone,Mobile,2,82525.49,165050.98,CUST1391,Kisumu,Mobile Money
TXN101179,18/05/2025,Tablet,Mobile,4,41137.97,164551.88,CUST1304,Nairobi,Cash
TXN100660,30/11/2025,Monitor,Computers,1,27030.84,27030.84,CUST1098,Kisumu,Card
TXN102830,2025-02-01,Laptop,Computers,2,54116.48,108232.96,CUST1226,Nairobi,Bank Transfer
TXN102774,2025-08-14,  Monitor ,Computers,4,80948.75,323795.0,CUST1368,Kisumu,Bank Transfer
TXN100899,2025-07-01,Phone,Mobile,5,61851.65,309258.25,CUST1033,Mombasa,Cash
TXN102734,16/07/2025,Monitor,Computers,5,48131.66,240658.3,CUST1277,Mombasa,BANK TRANSFER
TXN100158,2025-02-10,Keyboard,Accessories,2,15713.54,31427.08,CUST1312,Nakuru,Mobile Money
TXN100383,2025-02-10,Headphones,Accessories,3,71646.8,214940.4,CUST1191,Nakuru,BANK TRANSFER
TXN102186,2025-06-22,Keyboard,Accessories,2,89762.1,179524.2,CUST1232,Eldoret,Bank Transfer
TXN100140,06/09/2025,Headphones,Accessories,429,79335.77,317343.08,CUST1062,Nairobi,Mobile Money
TXN100465,13/03/2025,Headphones,Accessories,4,28648.08,114592.32,CUST1126,,Card
TXN101968,2025-01-28,Tablet,Mobile,4,38309.91,153239.64,CUST1155,Nakuru,CASH
TXN100299,07/06/2025,Keyboard,Accessories,4,45138.99,180555.96,CUST1254,Nairobi,Card
TXN100501,2025-04-17,Keyboard,Accessories,3,86834.81,260504.43,CUST1231,Kisumu,Bank Transfer
TXN100397,2025-05-19,Laptop,Computers,3,40303.86,120911.58,CUST1052,Mombasa,CARD
TXN102063,2025-04-13,  Phone ,Mobile,5,27247.58,136237.9,CUST1287,Nairobi,Bank Transfer
TXN101916,2025-07-07,  Tablet ,Mobile,3,16432.11,49296.33,CUST1238,Kisumu,BANK TRANSFER
TXN101777,2025-12-24,Monitor,Computers,5,5570.01,27850.05,CUST1056,Eldoret,Bank Transfer
TXN102006,27/03/2025,Laptop,Computers,3,55078.22,165234.66,CUST1291,Nakuru,Card
TXN101033,2025-08-20,Laptop,Computers,1,33866.83,33866.83,CUST1248,Eldoret,Card
TXN102402,2025-10-11,Tablet,Mobile,3,64279.58,192838.74,CUST1164,Mombasa,Bank Transfer
TXN102483,26/03/2025,Tablet,Mobile,5,8333.06,41665.3,CUST1158,Kisumu,Card
TXN101144,01/05/2025,Headphones,Accessories,1,84300.86,84300.86,CUST1152,Mombasa,Mobile Money
TXN101048,13/09/2025,Laptop,Computers,1,36708.33,36708.33,CUST1393,,Bank Transfer
TXN102581,2025-05-24,Keyboard,Accessories,4,11264.83,45059.32,CUST1329,Eldoret,Bank Transfer
TXN100846,17/12/2025,Monitor,Computers,2,2144.31,4288.62,CUST1180,Kisumu,Cash
TXN100251,2025-11-08,Phone,Mobile,5,,423251.1,CUST1270,Nakuru,CARD
TXN102268,07/04/2025,Phone,Mobile,5,52001.35,260006.75,CUST1358,Nairobi,Card
TXN102874,03/04/2025,Monitor,Computers,1,74678.55,74678.55,CUST1096,Nakuru,Card
TXN100806,01/02/2025,  Laptop ,Computers,4,72191.29,288765.16,CUST1184,Eldoret,Bank Transfer
TXN102462,16/07/2025,Phone,Mobile,2,8840.47,17680.94,CUST1141,,Mobile Money
TXN100715,2025-11-10,Keyboard,Accessories,4,51037.99,204151.96,CUST1141,Nakuru,Mobile Money
TXN100336,17/08/2025,  Laptop ,Computers,3,34829.91,104489.73,CUST1385,Kisumu,Cash
TXN101162,02/11/2025,Tablet,Mobile,4,63906.56,255626.24,CUST1131,Nairobi,Card
TXN100987,2025-01-22,Laptop,Computers,3,71006.18,213018.54,CUST1207,Nairobi,Mobile Money
TXN101283,29/11/2025,Keyboard,Accessories,1,70963.82,70963.82,CUST1333,Nairobi,Card
TXN100195,2025-06-10,Monitor,Computers,1,28473.08,28473.08,CUST1340,Kisumu,Cash
TXN101298,2025-06-09,Phone,Mobile,2,,30442.2,CUST1032,Nairobi,Card
TXN101044,2025-12-21,Phone,Mobile,2,,151240.38,CUST1341,Mombasa,Mobile Money
TXN100279,25/12/2025,Headphones,Accessories,2,64206.91,128413.82,CUST1326,Mombasa,Cash
TXN100096,2025-05-12,Keyboard,Accessories,2,42120.54,84241.08,CUST1392,Kisumu,Mobile Money
TXN100441,2025-02-14,Laptop,Computers,4,24021.96,96087.84,CUST1224,,Mobile Money
TXN102385,07/04/2025,Phone,Mobile,4,72209.66,288838.64,CUST1339,,Bank Transfer
TXN101042,2025-01-25,Monitor,Computers,3,87379.8,262139.4,CUST1075,Kisumu,Cash
TXN102601,2025-05-04,Keyboard,Accessories,2,,144010.78,CUST1025,Eldoret,CARD
TXN102686,2025-12-18,Monitor,Computers,1,60645.04,60645.04,CUST1074,Mombasa,Cash
TXN101539,2025-12-31,  Phone ,Mobile,2,37930.02,75860.04,CUST1129,Eldoret,Cash
TXN100330,24/02/2025,Laptop,Computers,3,51332.59,153997.77,CUST1171,Kisumu,Bank Transfer
TXN101490,2025-04-24,Laptop,Computers,4,88163.93,352655.72,CUST1193,Nairobi,Card
TXN100861,2025-04-14,Monitor,Computers,2,66941.82,133883.64,CUST1387,Mombasa,Card
TXN100745,2025-07-05,Monitor,Computers,5,9516.93,47584.65,CUST1313,Kisumu,Mobile Money
TXN102762,2025-10-26,Laptop,Computers,3,77831.08,233493.24,CUST1259,Nakuru,BANK TRANSFER
TXN101111,17/11/2025,Headphones,Accessories,5,2907.54,14537.7,CUST1174,Nakuru,Card
TXN102999,2025-01-01,  Laptop ,Computers,5,33776.23,168881.15,CUST1312,Mombasa,Bank Transfer
TXN101432,2025-05-03,Tablet,Mobile,3,89950.34,269851.02,CUST1184,Nakuru,Bank Transfer
TXN102136,2025-10-30,  Phone ,Mobile,5,44800.36,224001.8,CUST1222,Kisumu,Card
TXN101450,06/07/2025,Monitor,Computers,4,29108.05,116432.2,CUST1347,Mombasa,Mobile Money
TXN102690,2025-07-20,  Laptop ,Computers,5,39365.21,196826.05,CUST1199,Nairobi,Card
TXN101959,2025-10-01,Tablet,Mobile,4,53926.03,215704.12,CUST1036,Kisumu,Bank Transfer
TXN101584,2025-11-01,Tablet,Mobile,5,7102.44,35512.2,CUST1080,Nairobi,Mobile Money
TXN100594,2025-02-22,Tablet,Mobile,3,28432.26,85296.78,CUST1196,Eldoret,Cash
TXN101223,2025-03-12,Tablet,Mobile,3,30447.37,91342.11,CUST1062,Mombasa,Bank Transfer
TXN101845,2025-05-21,Headphones,Accessories,2,11110.32,22220.64,CUST1249,Nakuru,Mobile Money
TXN101308,2025-02-04,Laptop,Computers,1,53768.17,53768.17,CUST1303,Mombasa,Mobile Money
TXN100549,2025-07-31,Tablet,Mobile,3,72832.12,218496.36,CUST1387,Eldoret,Mobile Money
TXN100556,2025-10-18,Laptop,Computers,4,13892.99,55571.96,CUST1301,Eldoret,Card
TXN102615,13/07/2025,Tablet,Mobile,3,79778.45,239335.35,CUST1176,Kisumu,Card
TXN100541,2025-07-29,Headphones,Accessories,2,87708.66,175417.32,CUST1356,Eldoret,Cash
TXN101827,2025-08-16,  Tablet ,Mobile,550,62530.05,62530.05,CUST1375,Nakuru,Cash
TXN100264,2025-07-24,Laptop,Computers,3,39607.15,118821.45,CUST1380,Nakuru,Bank Transfer
TXN101222,2025-09-17,Tablet,Mobile,3,,191641.86,CUST1255,Nairobi,Mobile Money
TXN101696,2025-09-28,Headphones,Accessories,2,73352.59,146705.18,CUST1263,Kisumu,Cash
TXN101297,26/04/2025,Keyboard,Accessories,1,89128.69,89128.69,CUST1353,Nakuru,Card
TXN101402,2025-04-12,Monitor,Computers,4,28375.94,113503.76,CUST1125,Nakuru,MOBILE MONEY
TXN102881,2025-08-24,Headphones,Accessories,4,,128747.24,CUST1297,Nakuru,Mobile Money
TXN101457,14/12/2025,Keyboard,Accessories,4,30698.21,122792.84,CUST1242,Kisumu,Bank Transfer
TXN101064,02/01/2025,  Keyboard ,Accessories,4,,82378.24,CUST1078,Kisumu,Cash
TXN102147,16/02/2025,Headphones,Accessories,1,82318.33,82318.33,CUST1327,Nakuru,CASH
TXN100300,2025-05-04,Monitor,Computers,5,41422.14,207110.7,CUST1110,Eldoret,Cash
TXN101868,2025-08-15,Headphones,Accessories,3,37305.0,111915.0,CUST1217,Nakuru,Cash
TXN100553,2025-12-16,Laptop,Computers,4,7513.98,30055.92,CUST1222,Mombasa,Mobile Money
TXN100467,2025-04-07,Phone,Mobile,5,54819.95,274099.75,CUST1382,Nakuru,Cash
TXN100344,2025-08-15,Phone,Mobile,3,76976.5,230929.5,CUST1059,Mombasa,Bank Transfer
TXN102752,2025-12-27,Phone,Mobile,1,,18323.73,CUST1170,Eldoret,Mobile Money
TXN101822,2025-01-17,Phone,Mobile,4,74850.05,299400.2,CUST1336,Mombasa,Bank Transfer
TXN102205,2025-09-07,Headphones,Accessories,2,73596.86,147193.72,CUST1129,Eldoret,Card
TXN102220,2025-02-23,Headphones,Accessories,1,13342.04,13342.04,CUST1350,Mombasa,Card
TXN101420,2025-10-21,  Tablet ,Mobile,1,10280.03,10280.03,CUST1397,,Mobile Money
TXN102199,2025-02-07,Phone,Mobile,2,64260.75,128521.5,CUST1365,Mombasa,Bank Transfer
TXN100356,2025-04-30,Phone,Mobile,1,36502.75,36502.75,CUST1276,Mombasa,Card
TXN101818,07/11/2025,Headphones,Accessories,2,2710.17,5420.34,CUST1184,Kisumu,Bank Transfer
TXN101384,2025-02-24,Monitor,Computers,1,21300.53,21300.53,CUST1182,Kisumu,Mobile Money
TXN102661,2025-06-24,Phone,Mobile,2,23235.41,46470.82,CUST1182,Nairobi,BANK TRANSFER
TXN100439,06/10/2025,Keyboard,Accessories,1,24476.06,24476.06,CUST1187,Eldoret,Card
TXN100021,21/08/2025,Laptop,Computers,3,39411.49,118234.47,CUST1001,Kisumu,MOBILE MONEY
TXN102820,2025-10-13,Laptop,Computers,1,25958.31,25958.31,CUST1349,Nakuru,Mobile Money
TXN101389,23/12/2025,Keyboard,Accessories,3,88336.72,265010.16,CUST1198,Mombasa,Cash
TXN101949,2025-09-17,Laptop,Computers,2,,137607.96,CUST1055,Nakuru,Bank Transfer
TXN102489,2025-08-20,Tablet,Mobile,2,62694.34,125388.68,CUST1183,Eldoret,CASH
TXN102434,04/02/2025,Monitor,Computers,3,15413.28,46239.84,CUST1118,Nairobi,Card
TXN102224,20/03/2025,Headphones,Accessories,4,43382.05,173528.2,CUST1232,Eldoret,CASH
TXN102255,2025-07-14,Tablet,Mobile,5,2219.49,11097.45,CUST1102,Nakuru,Bank Transfer
TXN101213,2025-12-20,Phone,Mobile,5,19045.17,95225.85,CUST1383,Nairobi,BANK TRANSFER
TXN101506,2025-12-14,Headphones,Accessories,1,30747.29,30747.29,CUST1127,Eldoret,CARD
TXN100487,27/01/2025,  Laptop ,Computers,5,60762.65,303813.25,CUST1091,Mombasa,Card
TXN100229,2025-12-14,Monitor,Computers,4,69814.6,279258.4,CUST1306,Nairobi,Cash
TXN101441,08/10/2025,  Laptop ,Computers,3,74995.69,224987.07,CUST1239,Mombasa,Bank Transfer
TXN101391,2025-08-18,Laptop,Computers,5,82133.24,410666.2,CUST1195,Eldoret,Mobile Money
TXN100283,2025-06-12,  Monitor ,Computers,5,7100.69,35503.45,CUST1328,Nairobi,Bank Transfer
TXN100286,30/12/2025,Headphones,Accessories,2,14996.04,29992.08,CUST1115,Kisumu,Cash
TXN101526,2025-05-21,Laptop,Computers,2,36414.84,72829.68,CUST1098,Mombasa,Bank Transfer
TXN101332,2025-11-27,  Keyboard ,Accessories,4,67742.07,270968.28,CUST1384,Eldoret,Cash
TXN100810,2025-02-24,Keyboard,Accessories,567,37659.02,188295.1,CUST1392,Eldoret,Cash
TXN102325,2025-07-18,Phone,Mobile,2,10586.07,21172.14,CUST1054,Mombasa,MOBILE MONEY
TXN100431,2025-04-04,Laptop,Computers,2,27831.51,55663.02,CUST1191,Mombasa,Bank Transfer
TXN102890,2025-02-02,Monitor,Computers,1,56279.9,56279.9,CUST1045,Kisumu,Card
TXN102236,2025-04-12,Tablet,Mobile,4,51968.69,207874.76,CUST1077,Nakuru,Cash
TXN100945,2025-09-27,Tablet,Mobile,1,13216.83,13216.83,CUST1384,Kisumu,Bank Transfer
TXN100620,26/11/2025,Keyboard,Accessories,5,5383.67,26918.35,CUST1080,Eldoret,Bank Transfer
TXN101761,2025-10-25,  Phone ,Mobile,3,53202.26,159606.78,CUST1178,Eldoret,Bank Transfer
TXN100936,27/07/2025,Tablet,Mobile,3,64203.74,192611.22,CUST1195,Nakuru,Mobile Money
TXN101205,05/01/2025,Keyboard,Accessories,4,5057.54,20230.16,CUST1052,Nakuru,Bank Transfer
TXN101202,2025-06-04,Tablet,Mobile,5,17586.84,87934.2,CUST1394,Nakuru,Mobile Money
TXN102834,2025-11-24,Monitor,Computers,4,51016.33,204065.32,CUST1231,Kisumu,Bank Transfer
TXN101720,2025-11-24,Laptop,Computers,3,61877.68,185633.04,CUST1010,Mombasa,Bank Transfer
TXN102621,27/09/2025,Laptop,Computers,5,70185.94,350929.7,CUST1094,Mombasa,Card
TXN100130,2025-05-20,Monitor,Computers,3,63126.16,189378.48,CUST1256,Eldoret,BANK TRANSFER
TXN100091,2025-08-25,Laptop,Computers,4,12645.1,50580.4,CUST1093,Nairobi,Cash
TXN100955,2025-01-17,  Monitor ,Computers,2,72043.79,144087.58,CUST1175,,Mobile Money
TXN100913,2025-06-09,  Keyboard ,Accessories,2,15829.11,31658.22,CUST1313,Kisumu,BANK TRANSFER
TXN100859,2025-07-18,Tablet,Mobile,3,16965.89,50897.67,CUST1251,Nakuru,Mobile Money
TXN101965,22/09/2025,  Phone ,Mobile,2,,72280.68,CUST1054,Nakuru,Card
TXN101846,2025-05-13,Phone,Mobile,3,84558.84,253676.52,CUST1310,Nairobi,Mobile Money
TXN100127,2025-04-12,Headphones,Accessories,5,59675.88,298379.4,CUST1217,Nairobi,MOBILE MONEY
TXN100284,2025-10-10,Monitor,Computers,5,31334.07,156670.35,CUST1327,Eldoret,Mobile Money
TXN102201,2025-01-03,Tablet,Mobile,1,83225.95,83225.95,CUST1123,Kisumu,Mobile Money
TXN100978,2025-07-26,Keyboard,Accessories,4,,173173.92,CUST1372,Nairobi,Mobile Money
TXN100623,21/10/2025,Phone,Mobile,1,41588.97,41588.97,CUST1229,Nairobi,Bank Transfer
TXN100688,2025-11-11,Tablet,Mobile,2,76394.37,152788.74,CUST1350,Mombasa,Mobile Money
TXN101906,2025-04-21,  Laptop ,Computers,5,14141.75,70708.75,CUST1143,Mombasa,Cash
TXN102082,2025-08-14,Laptop,Computers,2,79048.56,158097.12,CUST1063,Nakuru,Card
TXN100995,2025-03-14,Headphones,Accessories,1,11306.72,11306.72,CUST1387,Nakuru,MOBILE MONEY
TXN101825,2025-06-12,Tablet,Mobile,5,47070.07,235350.35,CUST1137,,CASH
TXN101864,2025-08-06,Monitor,Computers,3,22641.97,67925.91,CUST1059,Mombasa,Bank Transfer
TXN100610,2025-01-24,  Tablet ,Mobile,1,9002.36,9002.36,CUST1004,Mombasa,Mobile Money
TXN100458,2025-12-15,Phone,Mobile,5,20744.08,103720.4,CUST1227,Nairobi,CARD
TXN102316,30/04/2025,Laptop,Computers,1,20100.58,20100.58,CUST1078,Mombasa,CASH
TXN100462,2025-11-29,  Keyboard ,Accessories,5,1258.49,6292.45,CUST1084,Nakuru,Cash
TXN100792,2025-02-24,Tablet,Mobile,2,63268.87,126537.74,CUST1064,Nakuru,Mobile Money
TXN100504,14/05/2025,Keyboard,Accessories,1,61107.91,61107.91,CUST1089,Nairobi,Bank Transfer
TXN100308,2025-09-21,Keyboard,Accessories,4,13830.19,55320.76,CUST1071,Kisumu,CASH
TXN101632,2025-04-18,  Keyboard ,Accessories,4,19844.29,79377.16,CUST1097,Eldoret,CARD
TXN100363,2025-10-13,Keyboard,Accessories,4,87116.86,348467.44,CUST1271,Mombasa,Bank Transfer
TXN100579,2025-12-15,Keyboard,Accessories,4,59617.46,238469.84,CUST1071,Nairobi,Bank Transfer
TXN100105,2025-05-05,Laptop,Computers,3,79405.99,238217.97,CUST1384,Nakuru,Bank Transfer
TXN102962,08/10/2025,Tablet,Mobile,4,11392.39,45569.56,CUST1042,Kisumu,Mobile Money
TXN101132,2025-09-06,  Tablet ,Mobile,1,86758.93,86758.93,CUST1400,Nairobi,Card
TXN100507,2025-05-13,Headphones,Accessories,1,52617.98,52617.98,CUST1038,Nairobi,Card
TXN101011,28/01/2025,Laptop,Computers,4,52865.76,211463.04,CUST1223,Mombasa,MOBILE MONEY
TXN101580,26/02/2025,  Keyboard ,Accessories,4,86206.61,344826.44,CUST1030,Kisumu,Cash
TXN100946,2025-11-09,Keyboard,Accessories,1,47340.43,47340.43,CUST1045,Mombasa,Bank Transfer
TXN102288,07/03/2025,  Headphones ,Accessories,3,72737.62,218212.86,CUST1189,Eldoret,Bank Transfer
TXN101302,2025-07-13,Laptop,Computers,1,82545.94,82545.94,CUST1160,Nairobi,Mobile Money
TXN102605,2025-11-21,Keyboard,Accessories,4,6893.45,27573.8,CUST1279,Nairobi,Cash
TXN102002,01/04/2025,Headphones,Accessories,4,14548.62,58194.48,CUST1204,Kisumu,CARD
TXN102360,2025-09-02,  Monitor ,Computers,5,53277.33,266386.65,CUST1325,Eldoret,Card
TXN102819,2025-02-23,Tablet,Mobile,3,70010.06,210030.18,CUST1076,Kisumu,Mobile Money
TXN102838,17/04/2025,Laptop,Computers,5,11476.0,57380.0,CUST1013,Nakuru,MOBILE MONEY
TXN100188,2025-01-23,Keyboard,Accessories,2,85114.7,170229.4,CUST1372,Eldoret,Cash
TXN101847,2025-04-16,Tablet,Mobile,3,13119.78,39359.34,CUST1282,Eldoret,MOBILE MONEY
TXN102208,2025-12-22,Phone,Mobile,3,86000.89,258002.67,CUST1203,Kisumu,Cash
TXN101901,2025-01-03,Phone,Mobile,2,42609.16,85218.32,CUST1159,Mombasa,Mobile Money
TXN102995,2025-09-24,Laptop,Computers,1,8461.87,8461.87,CUST1333,Eldoret,MOBILE MONEY
TXN102951,2025-06-11,Tablet,Mobile,5,5952.42,29762.1,CUST1246,Eldoret,Mobile Money
TXN101778,04/08/2025,Headphones,Accessories,1,3388.59,3388.59,CUST1133,Mombasa,CASH
TXN101364,2025-10-19,Keyboard,Accessories,2,,95128.32,CUST1251,Nakuru,Bank Transfer
TXN101374,2025-12-03,Monitor,Computers,1,,7888.1,CUST1124,Nakuru,Mobile Money
TXN101586,2025-03-13,Phone,Mobile,2,42543.94,85087.88,CUST1383,Eldoret,Cash
TXN101428,2025-12-11,Keyboard,Accessories,2,43271.79,86543.58,CUST1389,Nairobi,Card
TXN101729,2025-03-05,Phone,Mobile,3,74379.62,223138.86,CUST1027,Nakuru,Cash
TXN100862,2025-09-08,Phone,Mobile,4,,312432.2,CUST1352,Kisumu,BANK TRANSFER
TXN101173,2025-03-17,  Monitor ,Computers,1,76202.53,76202.53,CUST1063,Kisumu,Card
TXN102716,2025-06-13,Keyboard,Accessories,2,49144.3,98288.6,CUST1209,Nairobi,CASH
TXN102139,2025-12-11,Laptop,Computers,2,32782.72,65565.44,CUST1363,Eldoret,Bank Transfer
TXN101115,2025-08-04,Tablet,Mobile,4,51340.42,205361.68,CUST1136,Nairobi,BANK TRANSFER
TXN100353,07/05/2025,Keyboard,Accessories,576,74190.76,296763.04,CUST1235,Kisumu,Mobile Money
TXN101034,2025-09-30,Monitor,Computers,5,,306042.95,CUST1149,Nakuru,CASH
TXN102163,2025-11-27,Tablet,Mobile,3,64722.03,194166.09,CUST1283,Mombasa,BANK TRANSFER
TXN100731,2025-05-12,Headphones,Accessories,1,72363.33,72363.33,CUST1275,Eldoret,Cash
TXN100702,2025-07-27,Headphones,Accessories,2,46739.34,93478.68,CUST1306,Eldoret,Card
TXN100692,2025-01-21,  Monitor ,Computers,4,79398.9,317595.6,CUST1332,Kisumu,Card
TXN102464,2025-10-18,Monitor,Computers,2,38708.58,77417.16,CUST1130,Mombasa,CARD
TXN102641,2025-11-07,  Tablet ,Mobile,1,49221.82,49221.82,CUST1101,Mombasa,Card
TXN100160,2025-08-27,Headphones,Accessories,1,80952.31,80952.31,CUST1147,Eldoret,Mobile Money
TXN102609,2025-01-30,Monitor,Computers,5,58455.52,292277.6,CUST1322,Eldoret,Card
TXN102277,25/08/2025,Laptop,Computers,3,37171.05,111513.15,CUST1166,Nakuru,BANK TRANSFER
TXN102350,14/09/2025,Laptop,Computers,4,79324.71,317298.84,CUST1278,Nairobi,Card
TXN101599,05/01/2025,Headphones,Accessories,1,84944.07,84944.07,CUST1182,Kisumu,Bank Transfer
TXN101137,2025-04-22,Tablet,Mobile,2,84227.26,168454.52,CUST1073,Nairobi,Mobile Money
TXN101198,2025-08-24,Laptop,Computers,2,59194.19,118388.38,CUST1354,Nakuru,Bank Transfer
TXN102388,2025-05-07,  Keyboard ,Accessories,1,51171.09,51171.09,CUST1320,Nakuru,CASH
TXN100162,2025-07-16,Monitor,Computers,3,18329.92,54989.76,CUST1247,Nairobi,Mobile Money
TXN102883,2025-05-16,Monitor,Computers,5,22754.62,113773.1,CUST1313,Nakuru,Card
TXN101732,2025-04-11,Laptop,Computers,3,,39799.98,CUST1221,Eldoret,Card
TXN101337,2025-02-13,Keyboard,Accessories,1,12522.56,12522.56,CUST1151,Nakuru,Cash
TXN100185,2025-05-02,Laptop,Computers,3,71203.63,213610.89,CUST1301,Kisumu,Card
TXN100459,2025-08-05,Tablet,Mobile,3,73631.26,220893.78,CUST1355,Mombasa,Bank Transfer
TXN101445,2025-12-21,Keyboard,Accessories,4,8594.54,34378.16,CUST1170,Mombasa,Card
TXN102302,30/11/2025,Phone,Mobile,3,2762.89,8288.67,CUST1329,Nakuru,Card
TXN101007,2025-04-01,  Laptop ,Computers,1,83275.09,83275.09,CUST1080,Nairobi,Bank Transfer
TXN102886,28/07/2025,Keyboard,Accessories,2,74384.02,148768.04,CUST1140,Eldoret,Mobile Money
TXN102237,2025-03-08,  Monitor ,Computers,2,78188.69,156377.38,CUST1390,Nakuru,Cash
TXN102784,2025-10-20,Phone,Mobile,4,14350.57,57402.28,CUST1016,Kisumu,Mobile Money
TXN101513,06/07/2025,Monitor,Computers,4,34000.7,136002.8,CUST1219,Mombasa,Cash
TXN101937,2025-09-08,Tablet,Mobile,4,24176.79,96707.16,CUST1181,Eldoret,Cash
TXN101287,11/11/2025,Tablet,Mobile,3,17640.3,52920.9,CUST1320,Kisumu,Mobile Money
TXN100368,2025-09-03,  Phone ,Mobile,1,,67345.69,CUST1124,Eldoret,Mobile Money
TXN101168,2025-05-25,  Tablet ,Mobile,3,83398.22,250194.66,CUST1134,Eldoret,Cash
TXN102417,24/04/2025,Laptop,Computers,2,76161.71,152323.42,CUST1123,Nakuru,Mobile Money
TXN101318,24/11/2025,Monitor,Computers,2,82835.85,165671.7,CUST1114,Mombasa,Bank Transfer
TXN100493,2025-06-07,Laptop,Computers,4,76486.04,305944.16,CUST1053,Mombasa,Mobile Money
TXN100231,2025-06-20,Tablet,Mobile,5,78658.53,393292.65,CUST1041,Eldoret,MOBILE MONEY
TXN102646,2025-03-07,Headphones,Accessories,4,10525.31,42101.24,CUST1305,Eldoret,Card
TXN100333,2025-10-18,Laptop,Computers,3,71273.71,213821.13,CUST1345,Mombasa,Mobile Money
TXN102396,16/12/2025,Monitor,Computers,5,62724.84,313624.2,CUST1309,Eldoret,MOBILE MONEY
TXN100788,16/06/2025,Laptop,Computers,2,57145.35,114290.7,CUST1007,Mombasa,CASH
TXN101653,02/10/2025,  Phone ,Mobile,2,27074.56,54149.12,CUST1125,Nakuru,Cash
TXN102081,19/05/2025,Headphones,Accessories,2,38473.39,76946.78,CUST1119,Mombasa,Cash
TXN102384,2025-01-05,Keyboard,Accessories,3,52908.77,158726.31,CUST1155,Mombasa,Cash
TXN100380,2025-01-09,Keyboard,Accessories,5,37314.8,186574.0,CUST1271,Kisumu,Cash
TXN102857,14/09/2025,Laptop,Computers,3,55144.98,165434.94,CUST1019,Eldoret,CASH
TXN101975,31/05/2025,Laptop,Computers,5,24417.58,122087.9,CUST1182,Nakuru,Card
TXN101387,2025-07-30,Laptop,Computers,1,79748.67,79748.67,CUST1154,Eldoret,BANK TRANSFER
TXN101755,2025-10-25,Laptop,Computers,5,35353.93,176769.65,CUST1155,Nairobi,Bank Transfer
TXN100477,2025-11-08,Monitor,Computers,1,41076.78,41076.78,CUST1028,Kisumu,Mobile Money
TXN102479,2025-10-31,Headphones,Accessories,2,54019.4,108038.8,CUST1192,Nairobi,Card
TXN101939,19/10/2025,Keyboard,Accessories,4,14435.53,57742.12,CUST1107,,Cash
TXN102119,22/11/2025,Phone,Mobile,1,61395.52,61395.52,CUST1324,Eldoret,Mobile Money
TXN102552,28/02/2025,Tablet,Mobile,5,45042.11,225210.55,CUST1207,Eldoret,Mobile Money
TXN101481,2025-04-21,Phone,Mobile,3,77119.62,231358.86,CUST1068,Eldoret,Mobile Money
TXN101281,2025-12-21,Monitor,Computers,5,29896.92,149484.6,CUST1068,Nairobi,Bank Transfer
TXN102662,2025-10-20,Keyboard,Accessories,5,16914.65,84573.25,CUST1055,Nakuru,Bank Transfer
TXN100207,2025-08-15,Monitor,Computers,4,43966.72,175866.88,CUST1212,Kisumu,Mobile Money
TXN101333,14/06/2025,Monitor,Computers,5,42051.92,210259.6,CUST1364,Kisumu,BANK TRANSFER
TXN102622,2025-03-04,Laptop,Computers,3,72278.44,216835.32,CUST1200,Kisumu,Card
TXN102598,2025-02-16,Monitor,Computers,5,42105.72,210528.6,CUST1297,Nairobi,Mobile Money
TXN101375,2025-03-29,Monitor,Computers,3,75819.85,227459.55,CUST1009,Eldoret,Card
TXN100881,2025-01-19,Phone,Mobile,1,58968.28,58968.28,CUST1074,Nairobi,Cash
TXN100143,2025-05-20,Tablet,Mobile,3,46044.05,138132.15,CUST1212,Nakuru,Bank Transfer
TXN100249,30/08/2025,  Laptop ,Computers,3,82606.96,247820.88,CUST1356,Mombasa,BANK TRANSFER
TXN102263,2025-03-13,Keyboard,Accessories,1,5526.89,5526.89,CUST1102,Nairobi,Mobile Money
TXN101942,2025-11-20,Laptop,Computers,1,46774.17,46774.17,CUST1095,Nakuru,Mobile Money
TXN101997,2025-11-07,  Monitor ,Computers,5,12286.92,61434.6,CUST1063,Nairobi,Bank Transfer
TXN100417,2025-09-23,Laptop,Computers,3,20369.1,61107.3,CUST1285,Eldoret,Mobile Money
TXN102944,22/07/2025,Laptop,Computers,1,46565.85,46565.85,CUST1225,Nakuru,Cash
TXN102216,2025-04-26,Phone,Mobile,3,45750.72,137252.16,CUST1094,Mombasa,Cash
TXN101715,31/08/2025,Phone,Mobile,1,53663.46,53663.46,CUST1298,Nairobi,BANK TRANSFER
TXN101537,2025-02-08,Tablet,Mobile,4,83332.31,333329.24,CUST1279,Eldoret,Cash
TXN102785,2025-12-09,Keyboard,Accessories,1,46228.07,46228.07,CUST1379,Nakuru,Bank Transfer
TXN102465,16/05/2025,Laptop,Computers,2,77366.24,154732.48,CUST1372,Nakuru,CARD
TXN102670,2025-11-03,  Keyboard ,Accessories,2,36555.53,73111.06,CUST1361,Eldoret,Bank Transfer
TXN101509,2025-01-04,Keyboard,Accessories,4,5645.96,22583.84,CUST1315,Nakuru,CASH
TXN101128,2025-11-27,Monitor,Computers,3,74222.11,222666.33,CUST1082,,Mobile Money
TXN102099,01/08/2025,Laptop,Computers,4,42066.78,168267.12,CUST1274,Nakuru,MOBILE MONEY
TXN101443,2025-01-15,Tablet,Mobile,1,9939.54,9939.54,CUST1082,Kisumu,Bank Transfer
TXN100912,2025-06-13,Phone,Mobile,5,,159267.35,CUST1138,Mombasa,Cash
TXN102125,2025-04-10,Phone,Mobile,4,35494.47,141977.88,CUST1127,Kisumu,Card
TXN100083,2025-05-01,Monitor,Computers,1,64362.27,64362.27,CUST1139,Kisumu,Cash
TXN100765,06/03/2025,Phone,Mobile,3,,120488.58,CUST1067,Eldoret,Mobile Money
TXN100102,2025-02-24,  Laptop ,Computers,4,,296394.48,CUST1221,Kisumu,Bank Transfer
TXN100146,2025-10-28,Laptop,Computers,3,65481.56,196444.68,CUST1296,Nakuru,Mobile Money
TXN101133,2025-02-02,Laptop,Computers,3,54343.18,163029.54,CUST1208,Kisumu,Card
TXN102106,2025-10-24,  Monitor ,Computers,3,59677.56,179032.68,CUST1377,Nairobi,Bank Transfer
TXN100394,2025-12-15,Keyboard,Accessories,4,39150.39,156601.56,CUST1299,Nakuru,Card
TXN101674,2025-06-14,Phone,Mobile,4,51288.5,205154.0,CUST1119,Eldoret,Card
TXN102935,2025-02-09,Headphones,Accessories,2,78353.39,156706.78,CUST1057,Mombasa,Mobile Money
TXN101221,2025-03-02,  Keyboard ,Accessories,1,15450.64,15450.64,CUST1105,Kisumu,MOBILE MONEY
TXN101401,2025-04-15,  Phone ,Mobile,5,49621.82,248109.1,CUST1120,Eldoret,Card
TXN101911,2025-08-06,Phone,Mobile,5,72747.48,363737.4,CUST1340,Nakuru,Cash
TXN100321,16/03/2025,Monitor,Computers,3,,257812.47,CUST1148,Nairobi,CASH
TXN100111,2025-08-06,Monitor,Computers,5,48017.51,240087.55,CUST1381,Eldoret,Cash
TXN100588,23/08/2025,Monitor,Computers,5,80409.64,402048.2,CUST1073,Kisumu,Mobile Money
TXN101542,2025-10-17,Tablet,Mobile,2,26424.24,52848.48,CUST1031,Mombasa,Bank Transfer
TXN100721,2025-07-09,Laptop,Computers,1,24046.73,24046.73,CUST1040,Eldoret,Card
TXN102176,10/05/2025,Headphones,Accessories,2,63800.03,127600.06,CUST1255,Nairobi,Mobile Money
TXN100136,28/05/2025,Headphones,Accessories,4,62583.79,250335.16,CUST1339,Nakuru,CARD
TXN102873,24/01/2025,Laptop,Computers,1,,23725.31,CUST1214,Nakuru,Cash
TXN100653,07/02/2025,Monitor,Computers,5,49739.34,248696.7,CUST1362,Kisumu,Mobile Money
TXN101882,2025-06-04,Monitor,Computers,5,67041.76,335208.8,CUST1140,Nakuru,Mobile Money
TXN102771,2025-04-04,Tablet,Mobile,4,50221.37,200885.48,CUST1349,Nairobi,Cash
TXN101753,2025-05-21,  Keyboard ,Accessories,4,33376.88,133507.52,CUST1200,Nakuru,Card
TXN102603,11/03/2025,  Headphones ,Accessories,3,,90662.37,CUST1091,Nairobi,Bank Transfer
TXN101047,2025-10-04,  Headphones ,Accessories,2,33875.89,67751.78,CUST1083,Eldoret,Cash
TXN102212,2025-08-13,Phone,Mobile,4,55571.21,222284.84,CUST1378,Mombasa,Bank Transfer
TXN100930,2025-12-05,Keyboard,Accessories,1,68258.46,68258.46,CUST1076,Nakuru,Cash
TXN100220,2025-12-02,Keyboard,Accessories,2,68539.27,137078.54,CUST1038,Mombasa,Bank Transfer
TXN100927,12/10/2025,  Keyboard ,Accessories,5,,209651.5,CUST1049,Nakuru,Mobile Money
TXN102051,2025-12-01,  Headphones ,Accessories,5,88313.32,441566.6,CUST1304,Nakuru,Cash
TXN102011,2025-06-19,Keyboard,Accessories,1,72429.98,72429.98,CUST1081,Mombasa,Bank Transfer
TXN102319,17/04/2025,  Laptop ,Computers,2,53275.35,106550.7,CUST1117,Eldoret,BANK TRANSFER
TXN102230,2025-04-22,Tablet,Mobile,5,,94647.0,CUST1364,Mombasa,Mobile Money
TXN100533,2025-12-21,  Laptop ,Computers,3,19266.74,57800.22,CUST1034,Kisumu,Cash
TXN101469,2025-10-21,Laptop,Computers,5,51781.88,258909.4,CUST1245,Kisumu,Card
TXN100606,15/02/2025,Phone,Mobile,1,1641.07,1641.07,CUST1056,Eldoret,Bank Transfer
TXN100074,2025-11-14,  Headphones ,Accessories,5,59914.92,299574.6,CUST1171,Nairobi,Mobile Money
TXN101589,2025-08-05,Keyboard,Accessories,2,1472.65,2945.3,CUST1348,Nakuru,Cash
TXN102684,2025-10-09,Tablet,Mobile,3,8868.02,26604.06,CUST1195,Eldoret,Bank Transfer
TXN101322,04/07/2025,Tablet,Mobile,5,82187.43,410937.15,CUST1022,Nairobi,Mobile Money
TXN101661,04/03/2025,  Phone ,Mobile,5,66881.87,334409.35,CUST1098,Eldoret,Card
TXN100113,2025-12-20,  Headphones ,Accessories,1,66987.86,66987.86,CUST1094,Mombasa,Mobile Money
TXN100986,19/08/2025,Monitor,Computers,5,86863.37,434316.85,CUST1008,Nairobi,Cash
TXN102036,2025-04-08,Keyboard,Accessories,3,8676.65,26029.95,CUST1375,Nairobi,MOBILE MONEY
TXN101544,2025-05-20,Keyboard,Accessories,4,36375.98,145503.92,CUST1105,Mombasa,CARD
TXN100222,04/02/2025,Tablet,Mobile,3,14010.69,42032.07,CUST1240,Nakuru,Cash
TXN100518,29/01/2025,  Phone ,Mobile,2,24354.17,48708.34,CUST1391,Mombasa,Bank Transfer
TXN101348,2025-02-13,Tablet,Mobile,4,30989.03,123956.12,CUST1160,Mombasa,Bank Transfer
TXN101119,2025-11-22,Headphones,Accessories,4,18557.4,74229.6,CUST1038,Eldoret,Mobile Money
TXN100035,2025-02-25,Monitor,Computers,3,72153.03,216459.09,CUST1127,Mombasa,Mobile Money
TXN100830,22/07/2025,Monitor,Computers,5,18230.71,91153.55,CUST1333,Eldoret,Mobile Money
TXN102386,18/07/2025,Monitor,Computers,2,9364.71,18729.42,CUST1283,Eldoret,Card
TXN101119,2025-11-22,Headphones,Accessories,4,18557.4,74229.6,CUST1038,Eldoret,Mobile Money
TXN100347,22/04/2025,Monitor,Computers,3,73572.56,220717.68,CUST1296,Nairobi,Card
TXN100167,2025-03-09,Monitor,Computers,1,52371.86,52371.86,CUST1046,,Cash
TXN102691,2025-02-08,Laptop,Computers,4,45598.99,182395.96,CUST1041,,Cash
TXN100116,2025-01-24,Tablet,Mobile,5,11829.17,59145.85,CUST1027,Eldoret,Cash
TXN101900,2025-08-31,Headphones,Accessories,2,15199.32,30398.64,CUST1005,Kisumu,BANK TRANSFER
TXN100530,2025-11-10,Phone,Mobile,5,28980.41,144902.05,CUST1113,Eldoret,Card
TXN101642,11/07/2025,Tablet,Mobile,4,1180.66,4722.64,CUST1400,Mombasa,Cash
TXN102594,25/12/2025,Monitor,Computers,1,39398.35,39398.35,CUST1085,Kisumu,Cash
TXN100320,21/05/2025,  Monitor ,Computers,3,50663.64,151990.92,CUST1147,Nairobi,Bank Transfer
TXN101028,21/06/2025,Tablet,Mobile,1,56030.74,56030.74,CUST1376,Nairobi,Cash
TXN100473,2025-10-02,Monitor,Computers,4,7877.29,31509.16,CUST1275,Eldoret,Mobile Money
TXN102028,2025-09-26,Monitor,Computers,4,58529.7,234118.8,CUST1246,Mombasa,BANK TRANSFER
TXN102281,30/08/2025,  Phone ,Mobile,1,1966.85,1966.85,CUST1076,Kisumu,CASH
TXN101842,2025-10-16,Headphones,Accessories,4,,124119.96,CUST1265,Eldoret,Bank Transfer
TXN101714,2025-01-11,Tablet,Mobile,4,38799.07,155196.28,CUST1090,Kisumu,Card
TXN102576,2025-05-04,Headphones,Accessories,3,,128066.55,CUST1272,Kisumu,Bank Transfer
TXN101982,12/05/2025,  Monitor ,Computers,1,16961.77,16961.77,CUST1369,Nairobi,BANK TRANSFER
TXN100227,2025-03-30,Headphones,Accessories,1,45657.14,45657.14,CUST1020,Mombasa,Bank Transfer
TXN101874,2025-04-28,Keyboard,Accessories,4,77445.19,309780.76,CUST1148,Mombasa,Cash
TXN101025,2025-12-27,Monitor,Computers,4,,278316.92,CUST1207,Mombasa,CASH
TXN102736,2025-09-30,Monitor,Computers,1,71252.26,71252.26,CUST1162,Eldoret,Card
TXN102643,2025-02-09,Laptop,Computers,4,77005.81,308023.24,CUST1042,Eldoret,Bank Transfer
TXN100081,2025-09-01,Keyboard,Accessories,4,80800.13,323200.52,CUST1230,Kisumu,Mobile Money
TXN102385,07/04/2025,Phone,Mobile,4,72209.66,288838.64,CUST1339,,Bank Transfer
TXN101578,2025-08-04,Monitor,Computers,1,52496.27,52496.27,CUST1269,Eldoret,Mobile Money
TXN101816,2025-02-27,Laptop,Computers,1,45870.95,45870.95,CUST1261,Nairobi,Mobile Money
TXN100668,18/12/2025,Keyboard,Accessories,1,26440.38,26440.38,CUST1154,Eldoret,Card
TXN100062,24/07/2025,  Phone ,Mobile,1,59572.97,59572.97,CUST1168,Kisumu,Card
TXN100849,2025-07-15,Tablet,Mobile,2,8357.65,16715.3,CUST1266,Eldoret,Mobile Money
TXN102702,29/03/2025,Headphones,Accessories,3,64485.24,193455.72,CUST1103,Kisumu,BANK TRANSFER
TXN101434,2025-03-13,  Tablet ,Mobile,4,65407.21,261628.84,CUST1013,Eldoret,Card
TXN102090,2025-01-09,Tablet,Mobile,689,78896.79,315587.16,CUST1140,Kisumu,Card
TXN102409,18/07/2025,Keyboard,Accessories,1,43134.95,43134.95,CUST1160,Nairobi,Mobile Money
TXN101453,08/06/2025,Tablet,Mobile,1,54099.79,54099.79,CUST1257,Nairobi,Cash
TXN100515,2025-10-17,Keyboard,Accessories,4,31291.05,125164.2,CUST1257,Kisumu,BANK TRANSFER
TXN101354,07/04/2025,Monitor,Computers,1,48336.91,48336.91,CUST1243,Nairobi,Cash
TXN100109,2025-09-09,Tablet,Mobile,4,58308.31,233233.24,CUST1229,Nairobi,Card
TXN102173,2025-01-16,Keyboard,Accessories,2,75298.68,150597.36,CUST1332,Nakuru,Card
TXN100040,2025-09-07,Monitor,Computers,5,59737.48,298687.4,CUST1079,Mombasa,Cash
TXN102811,13/09/2025,Laptop,Computers,2,61966.23,123932.46,CUST1047,Eldoret,Card
TXN101787,2025-01-30,Headphones,Accessories,2,31209.74,62419.48,CUST1121,Mombasa,Card
TXN102945,2025-06-26,  Keyboard ,Accessories,1,75909.14,75909.14,CUST1088,Kisumu,Cash
TXN101125,2025-08-28,Keyboard,Accessories,4,19559.28,78237.12,CUST1137,Eldoret,Bank Transfer
TXN101088,11/12/2025,Headphones,Accessories,5,17068.76,85343.8,CUST1054,Mombasa,Cash
TXN100311,19/12/2025,Monitor,Computers,5,28037.17,140185.85,CUST1322,Nairobi,Bank Transfer
TXN102152,06/12/2025,Laptop,Computers,1,64194.07,64194.07,CUST1207,Kisumu,Mobile Money
TXN100019,28/08/2025,  Monitor ,Computers,4,53832.01,215328.04,CUST1270,Kisumu,CARD
TXN101426,16/11/2025,Headphones,Accessories,4,39945.38,159781.52,CUST1055,Mombasa,Card
TXN100357,2025-04-30,  Phone ,Mobile,5,89416.77,447083.85,CUST1374,Eldoret,Cash
TXN100360,25/01/2025,  Tablet ,Mobile,4,50248.63,200994.52,CUST1176,Nakuru,Cash
TXN102866,24/08/2025,Phone,Mobile,4,5062.78,20251.12,CUST1276,Mombasa,Card
TXN101591,06/03/2025,Laptop,Computers,5,34291.65,171458.25,CUST1380,Mombasa,BANK TRANSFER
TXN100289,06/11/2025,Phone,Mobile,5,,324983.15,CUST1172,Eldoret,Card
TXN100392,2025-02-08,Laptop,Computers,1,39619.4,39619.4,CUST1174,Eldoret,Bank Transfer
TXN101543,2025-02-08,Monitor,Computers,5,78387.89,391939.45,CUST1084,Nakuru,Bank Transfer
TXN102312,2025-09-10,Monitor,Computers,3,67701.14,203103.42,CUST1205,Eldoret,Card
TXN102401,2025-03-13,Tablet,Mobile,2,69264.11,138528.22,CUST1394,Kisumu,Mobile Money
TXN100657,2025-11-25,  Laptop ,Computers,3,40387.22,121161.66,CUST1314,Eldoret,Mobile Money
TXN101246,06/09/2025,Phone,Mobile,2,45767.84,91535.68,CUST1364,Nakuru,MOBILE MONEY
TXN102865,2025-08-09,Tablet,Mobile,3,15280.27,45840.81,CUST1338,Mombasa,Card
TXN102753,2025-07-06,Headphones,Accessories,1,8197.91,8197.91,CUST1107,Nakuru,Cash
TXN102626,2025-07-24,Phone,Mobile,1,13164.34,13164.34,CUST1316,Kisumu,Mobile Money
TXN101617,25/02/2025,Laptop,Computers,1,16634.47,16634.47,CUST1203,Nakuru,Mobile Money
TXN102853,2025-09-06,Laptop,Computers,1,40500.36,40500.36,CUST1341,Nakuru,Card
TXN101421,2025-07-23,  Headphones ,Accessories,2,83736.51,167473.02,CUST1357,Kisumu,Card
TXN102444,24/09/2025,  Keyboard ,Accessories,4,86608.39,346433.56,CUST1181,Eldoret,Bank Transfer
TXN102972,2025-02-21,  Laptop ,Computers,4,48978.02,195912.08,CUST1204,Eldoret,Cash
TXN100370,2025-09-12,Headphones,Accessories,3,32688.19,98064.57,CUST1238,Nairobi,Bank Transfer
TXN101769,2025-03-13,Tablet,Mobile,1,18716.8,18716.8,CUST1002,Kisumu,Bank Transfer
TXN100313,2025-07-14,Keyboard,Accessories,5,69827.25,349136.25,CUST1075,Mombasa,Card
TXN102617,2025-05-18,Phone,Mobile,4,13859.94,55439.76,CUST1261,Mombasa,Cash
TXN101602,2025-09-02,Laptop,Computers,5,71748.2,358741.0,CUST1300,Nairobi,Cash
TXN100593,2025-12-13,Headphones,Accessories,5,17556.62,87783.1,CUST1002,Mombasa,Mobile Money
TXN100970,08/12/2025,Headphones,Accessories,4,62453.82,249815.28,CUST1394,Kisumu,Cash
TXN100202,20/05/2025,Keyboard,Accessories,3,3091.31,9273.93,CUST1359,Kisumu,Cash
TXN102065,04/02/2025,Tablet,Mobile,1,13071.85,13071.85,CUST1358,Kisumu,CASH
TXN102348,25/06/2025,Keyboard,Accessories,2,80131.81,160263.62,CUST1259,Mombasa,Cash
TXN102346,2025-07-28,Phone,Mobile,4,60976.11,243904.44,CUST1184,Nakuru,CARD
TXN101726,27/06/2025,Monitor,Computers,4,51216.29,204865.16,CUST1147,Nairobi,Card
TXN102066,28/08/2025,Monitor,Computers,2,16980.53,33961.06,CUST1116,Nakuru,Cash
TXN100438,2025-08-23,Phone,Mobile,5,26335.99,131679.95,CUST1289,Nakuru,Card
TXN100326,2025-10-09,Tablet,Mobile,2,963.74,1927.48,CUST1080,Nakuru,Bank Transfer
TXN101158,2025-08-09,Tablet,Mobile,4,34695.58,138782.32,CUST1105,Eldoret,Mobile Money
TXN102234,2025-08-10,Tablet,Mobile,4,84372.42,337489.68,CUST1092,Nakuru,Card
TXN100387,21/12/2025,Keyboard,Accessories,1,21064.1,21064.1,CUST1290,Nakuru,CASH
TXN101041,2025-06-06,Monitor,Computers,3,51269.02,153807.06,CUST1087,Kisumu,Mobile Money
TXN101849,25/05/2025,Monitor,Computers,1,33573.88,33573.88,CUST1292,Nakuru,Bank Transfer
TXN101187,2025-11-19,Headphones,Accessories,5,17178.85,85894.25,CUST1218,Nairobi,Card
TXN100281,2025-07-08,Laptop,Computers,3,50084.92,150254.76,CUST1239,Eldoret,Mobile Money
TXN101945,2025-02-21,  Headphones ,Accessories,3,58485.38,175456.14,CUST1095,Kisumu,Cash
TXN100351,2025-10-03,  Tablet ,Mobile,3,11117.67,33353.01,CUST1201,Eldoret,MOBILE MONEY
TXN101355,05/06/2025,  Keyboard ,Accessories,4,57690.8,230763.2,CUST1047,Mombasa,CARD
TXN102084,2025-03-05,Phone,Mobile,4,53324.44,213297.76,CUST1047,Mombasa,Card
TXN100042,29/09/2025,Laptop,Computers,5,43172.57,215862.85,CUST1080,Nairobi,Card
TXN102513,2025-12-05,Monitor,Computers,5,19600.6,98003.0,CUST1282,Kisumu,Card
TXN100101,2025-07-09,  Headphones ,Accessories,5,38839.83,194199.15,CUST1035,Eldoret,Cash
TXN102779,2025-01-05,Keyboard,Accessories,1,,5779.11,CUST1046,Eldoret,Mobile Money
TXN102050,2025-03-29,Phone,Mobile,2,69092.57,138185.14,CUST1080,Eldoret,MOBILE MONEY
TXN100446,2025-12-02,Monitor,Computers,1,89327.52,89327.52,CUST1064,Mombasa,Mobile Money
TXN101703,2025-09-18,Phone,Mobile,4,45446.04,181784.16,CUST1170,Nairobi,BANK TRANSFER
TXN101273,2025-03-28,Phone,Mobile,3,48869.36,146608.08,CUST1400,Mombasa,Bank Transfer
TXN100134,2025-08-12,Headphones,Accessories,2,89726.62,179453.24,CUST1325,Nakuru,Card
TXN100574,2025-06-06,Phone,Mobile,3,54946.78,164840.34,CUST1364,Kisumu,Bank Transfer
TXN100876,03/04/2025,Tablet,Mobile,4,26345.86,105383.44,CUST1060,Mombasa,Mobile Money
TXN101593,01/12/2025,Tablet,Mobile,4,43228.76,172915.04,CUST1328,Nakuru,Bank Transfer
TXN100856,14/01/2025,  Phone ,Mobile,1,12273.36,12273.36,CUST1390,Eldoret,Cash
TXN100128,2025-03-14,Tablet,Mobile,2,81802.82,163605.64,CUST1036,Nairobi,MOBILE MONEY
TXN100747,03/08/2025,  Phone ,Mobile,4,38442.89,153771.56,CUST1358,Kisumu,Cash
TXN100572,2025-05-18,Tablet,Mobile,2,61153.72,122307.44,CUST1333,Nakuru,Card
TXN102586,2025-12-23,Keyboard,Accessories,3,508.32,1524.96,CUST1178,Kisumu,BANK TRANSFER
TXN102792,2025-07-06,Phone,Mobile,2,29596.67,59193.34,CUST1359,Mombasa,MOBILE MONEY
TXN100875,27/01/2025,  Phone ,Mobile,2,69339.53,138679.06,CUST1214,Kisumu,Cash
TXN100103,25/09/2025,Tablet,Mobile,2,39476.1,78952.2,CUST1333,Kisumu,Bank Transfer
TXN101748,2025-02-23,Keyboard,Accessories,1,22624.94,22624.94,CUST1242,,BANK TRANSFER
TXN100410,09/10/2025,Keyboard,Accessories,5,16603.49,83017.45,CUST1013,Nakuru,Mobile Money
TXN102124,04/09/2025,Laptop,Computers,4,13057.14,52228.56,CUST1082,Mombasa,Bank Transfer
TXN101178,2025-03-20,Keyboard,Accessories,1,75409.46,75409.46,CUST1014,Nairobi,Bank Transfer
TXN101915,09/05/2025,Keyboard,Accessories,4,44363.37,177453.48,CUST1350,Nairobi,Bank Transfer
TXN100604,2025-07-03,Headphones,Accessories,544,87594.22,437971.1,CUST1360,Nakuru,Cash
TXN102796,2025-03-01,Keyboard,Accessories,4,55203.55,220814.2,CUST1092,Nakuru,Bank Transfer
TXN101233,2025-11-29,Tablet,Mobile,795,79946.9,239840.7,CUST1207,Mombasa,Cash
TXN102458,2025-08-24,  Monitor ,Computers,3,71966.75,215900.25,CUST1177,Eldoret,Cash
TXN101433,2025-06-19,  Keyboard ,Accessories,1,87789.8,87789.8,CUST1051,Nairobi,Bank Transfer
TXN100384,26/04/2025,Keyboard,Accessories,2,89125.86,178251.72,CUST1153,Nairobi,Card
TXN101980,2025-01-20,Laptop,Computers,1,29729.67,29729.67,CUST1075,Eldoret,Card
TXN100056,2025-08-09,Headphones,Accessories,5,49951.0,249755.0,CUST1065,Nairobi,Cash
TXN100711,30/04/2025,Monitor,Computers,2,23279.36,46558.72,CUST1042,Kisumu,Bank Transfer
TXN100324,2025-05-03,Laptop,Computers,5,66809.74,334048.7,CUST1124,Nairobi,Mobile Money
TXN100078,2025-12-23,  Monitor ,Computers,2,16241.86,32483.72,CUST1265,Nakuru,Card
TXN100540,2025-08-11,Tablet,Mobile,2,54854.93,109709.86,CUST1080,Nairobi,Card
TXN100355,2025-11-01,Phone,Mobile,2,6522.54,13045.08,CUST1017,Nakuru,Card
TXN102187,2025-02-03,Monitor,Computers,1,60349.1,60349.1,CUST1173,Mombasa,Cash
TXN100359,03/06/2025,Tablet,Mobile,5,20283.33,101416.65,CUST1140,Nairobi,Mobile Money
TXN101018,07/05/2025,  Headphones ,Accessories,1,65836.59,65836.59,CUST1126,Kisumu,Bank Transfer
TXN102715,29/04/2025,  Phone ,Mobile,4,78059.23,312236.92,CUST1276,Mombasa,Card
TXN100130,2025-05-20,Monitor,Computers,3,63126.16,189378.48,CUST1256,Eldoret,BANK TRANSFER
TXN100915,2025-04-02,Laptop,Computers,1,38668.68,38668.68,CUST1360,Eldoret,Bank Transfer
TXN100307,12/03/2025,Keyboard,Accessories,1,4554.65,4554.65,CUST1365,Kisumu,BANK TRANSFER
TXN101413,2025-09-08,Tablet,Mobile,3,46109.95,138329.85,CUST1325,Kisumu,Card
TXN100813,2025-06-16,Headphones,Accessories,3,49732.28,149196.84,CUST1190,,Bank Transfer
TXN100041,2025-10-05,Phone,Mobile,1,52336.64,52336.64,CUST1031,Kisumu,Card
TXN102242,15/10/2025,Headphones,Accessories,3,9584.2,28752.6,CUST1081,Mombasa,Mobile Money
TXN101405,2025-11-09,Monitor,Computers,4,38331.4,153325.6,CUST1376,Nakuru,Mobile Money
TXN101657,2025-07-31,Laptop,Computers,4,71692.01,286768.04,CUST1037,Nakuru,CARD
TXN100882,2025-08-02,  Headphones ,Accessories,1,4888.31,4888.31,CUST1091,Mombasa,CASH
TXN100698,2025-03-02,  Headphones ,Accessories,5,64698.59,323492.95,CUST1338,Mombasa,Bank Transfer
TXN102584,2025-12-03,Monitor,Computers,3,48926.23,146778.69,CUST1387,Nairobi,Bank Transfer
TXN100003,2025-12-26,Keyboard,Accessories,2,64583.76,129167.52,CUST1279,Nakuru,MOBILE MONEY
TXN100215,2025-11-13,Laptop,Computers,3,15882.65,47647.95,CUST1235,Kisumu,Card
TXN100976,2025-03-18,Monitor,Computers,1,80737.86,80737.86,CUST1334,Nairobi,Card
TXN100098,2025-06-09,Laptop,Computers,5,2798.22,13991.1,CUST1294,Nakuru,Bank Transfer
TXN102450,2025-05-10,Laptop,Computers,2,81377.9,162755.8,CUST1249,Nakuru,Bank Transfer
TXN101921,30/01/2025,Laptop,Computers,3,,75115.68,CUST1292,Nairobi,Bank Transfer
TXN100104,2025-10-31,Monitor,Computers,4,74403.25,297613.0,CUST1137,Kisumu,Mobile Money
TXN101370,2025-09-16,Headphones,Accessories,1,68108.02,68108.02,CUST1392,Kisumu,BANK TRANSFER
TXN102149,2025-07-05,Headphones,Accessories,3,72627.83,217883.49,CUST1386,,Mobile Money
TXN102710,2025-04-15,Headphones,Accessories,1,21667.42,21667.42,CUST1349,,Card
TXN102430,2025-11-03,Phone,Mobile,5,58228.3,291141.5,CUST1271,Mombasa,CARD
TXN100914,12/12/2025,Laptop,Computers,2,3094.85,6189.7,CUST1025,Nairobi,Bank Transfer
TXN101191,2025-02-09,  Headphones ,Accessories,5,4771.68,23858.4,CUST1023,Eldoret,Card
TXN102307,12/07/2025,Phone,Mobile,3,,224839.47,CUST1281,Nairobi,Bank Transfer
TXN101893,29/12/2025,Headphones,Accessories,2,29304.5,58609.0,CUST1247,,Card
TXN101516,04/08/2025,Headphones,Accessories,1,12464.39,12464.39,CUST1380,Kisumu,Card
TXN100700,23/01/2025,  Tablet ,Mobile,4,2508.92,10035.68,CUST1065,Eldoret,Mobile Money
TXN100455,2025-07-04,Phone,Mobile,3,8853.93,26561.79,CUST1128,Nairobi,Cash
TXN102460,19/01/2025,Monitor,Computers,4,68845.75,275383.0,CUST1341,,Card
TXN101579,2025-01-02,Tablet,Mobile,1,21549.78,21549.78,CUST1104,Nairobi,Cash
TXN100856,14/01/2025,  Phone ,Mobile,1,12273.36,12273.36,CUST1390,Eldoret,Cash
TXN100521,09/09/2025,Monitor,Computers,5,,140801.25,CUST1019,,Card
TXN101260,2025-01-10,  Tablet ,Mobile,5,16587.03,82935.15,CUST1140,Mombasa,Mobile Money
TXN102037,2025-04-27,Keyboard,Accessories,3,5947.43,17842.29,CUST1124,Eldoret,Bank Transfer
TXN101037,2025-04-15,Laptop,Computers,2,44921.42,89842.84,CUST1266,Nairobi,Cash
TXN100389,2025-04-17,Phone,Mobile,3,1901.4,5704.2,CUST1300,Mombasa,Bank Transfer
TXN100951,03/12/2025,  Keyboard ,Accessories,2,51770.97,103541.94,CUST1149,Eldoret,Card
TXN101871,2025-11-06,  Keyboard ,Accessories,5,30006.73,150033.65,CUST1276,Nairobi,Card
TXN100411,2025-02-05,Monitor,Computers,3,74899.72,224699.16,CUST1209,Nakuru,Mobile Money
TXN102814,2025-11-07,  Monitor ,Computers,2,5288.56,10577.12,CUST1394,Nairobi,Card
TXN102218,2025-06-12,Keyboard,Accessories,2,13331.03,26662.06,CUST1029,Nairobi,Card
TXN101301,2025-02-18,Laptop,Computers,5,55951.21,279756.05,CUST1320,Nakuru,Card
TXN102650,05/03/2025,Laptop,Computers,3,54530.38,163591.14,CUST1269,Eldoret,Cash
TXN101296,2025-07-20,Keyboard,Accessories,4,28803.66,115214.64,CUST1099,Kisumu,Card
TXN102219,2025-11-13,Monitor,Computers,5,48317.5,241587.5,CUST1368,Mombasa,CASH
TXN101268,02/11/2025,Laptop,Computers,2,,43892.52,CUST1300,Mombasa,Bank Transfer
TXN102420,2025-08-15,Laptop,Computers,4,64262.04,257048.16,CUST1076,Nakuru,Bank Transfer
TXN102930,09/08/2025,Phone,Mobile,4,31122.45,124489.8,CUST1177,Eldoret,Bank Transfer
TXN102892,2025-04-20,Phone,Mobile,4,10162.46,40649.84,CUST1243,Nakuru,CARD
TXN101021,23/12/2025,Monitor,Computers,5,35791.65,178958.25,CUST1050,Nakuru,Bank Transfer
TXN100501,2025-04-17,Keyboard,Accessories,3,86834.81,260504.43,CUST1231,Kisumu,Bank Transfer
TXN102942,2025-11-08,Tablet,Mobile,2,3471.41,6942.82,CUST1117,Kisumu,MOBILE MONEY
TXN100758,2025-02-06,Monitor,Computers,5,51661.56,258307.8,CUST1040,Mombasa,Cash
TXN102300,2025-04-10,Tablet,Mobile,1,66326.79,66326.79,CUST1268,Eldoret,Cash
TXN100428,2025-11-24,Tablet,Mobile,4,47730.49,190921.96,CUST1160,Eldoret,Bank Transfer
TXN102896,2025-04-09,  Monitor ,Computers,3,58700.57,176101.71,CUST1356,Kisumu,Cash
TXN101317,2025-03-25,Keyboard,Accessories,3,37973.23,113919.69,CUST1053,Nakuru,Card
TXN101136,10/06/2025,Phone,Mobile,5,11443.78,57218.9,CUST1168,Eldoret,Bank Transfer
TXN100073,2025-09-19,Monitor,Computers,4,60968.64,243874.56,CUST1242,Mombasa,Card
TXN100025,2025-02-10,Laptop,Computers,2,79081.86,158163.72,CUST1043,Nakuru,Card
TXN102827,08/03/2025,Monitor,Computers,3,68750.21,206250.63,CUST1108,Nairobi,Cash
TXN101344,2025-10-06,Tablet,Mobile,5,89820.62,449103.1,CUST1133,Nairobi,Cash
TXN101659,2025-04-02,Phone,Mobile,3,1407.56,4222.68,CUST1337,Eldoret,CARD
TXN101126,2025-07-06,  Keyboard ,Accessories,1,47243.13,47243.13,CUST1236,Mombasa,Mobile Money
TXN102079,2025-01-21,Laptop,Computers,1,48241.27,48241.27,CUST1399,Mombasa,Cash
TXN101139,2025-02-27,  Keyboard ,Accessories,3,63115.79,189347.37,CUST1162,Eldoret,Bank Transfer
TXN100505,2025-05-08,Monitor,Computers,5,67453.02,337265.1,CUST1048,Nakuru,Card
TXN101805,2025-01-08,Monitor,Computers,2,12302.61,24605.22,CUST1143,Kisumu,CARD
TXN101394,2025-04-14,  Phone ,Mobile,3,45136.02,135408.06,CUST1077,Nakuru,MOBILE MONEY
TXN102424,10/06/2025,  Phone ,Mobile,4,19038.22,76152.88,CUST1180,Nakuru,Cash
TXN102095,2025-06-06,Phone,Mobile,1,45031.21,45031.21,CUST1206,Kisumu,CASH
TXN102842,2025-07-29,Laptop,Computers,2,45998.5,91997.0,CUST1231,Nairobi,MOBILE MONEY
TXN102091,05/01/2025,  Phone ,Mobile,2,16373.58,32747.16,CUST1065,Eldoret,Mobile Money
TXN101690,13/06/2025,Keyboard,Accessories,4,11231.18,44924.72,CUST1075,Eldoret,Bank Transfer
TXN101120,21/10/2025,Headphones,Accessories,3,4754.06,14262.18,CUST1205,Mombasa,Card
TXN102214,2025-01-08,Tablet,Mobile,3,4416.33,13248.99,CUST1078,Kisumu,Cash
TXN100586,15/12/2025,Monitor,Computers,2,45292.73,90585.46,CUST1195,,Cash
TXN101852,2025-06-17,  Laptop ,Computers,2,65598.86,131197.72,CUST1080,Eldoret,Cash
TXN100611,2025-11-15,Headphones,Accessories,3,80560.22,241680.66,CUST1137,Nairobi,Cash
TXN101138,2025-05-11,Phone,Mobile,3,39833.05,119499.15,CUST1301,Nairobi,Bank Transfer
TXN100425,2025-11-11,Phone,Mobile,4,35904.62,143618.48,CUST1101,Nakuru,Bank Transfer
TXN100648,2025-08-15,Laptop,Computers,3,18676.31,56028.93,CUST1115,Kisumu,Mobile Money
TXN101089,2025-04-27,Monitor,Computers,4,19677.52,78710.08,CUST1208,Nairobi,Cash
TXN102982,2025-10-20,Laptop,Computers,5,77002.86,385014.3,CUST1188,Mombasa,CARD
TXN101535,2025-07-16,Phone,Mobile,3,19297.98,57893.94,CUST1044,Nairobi,Mobile Money
TXN101408,2025-02-06,Monitor,Computers,5,54739.27,273696.35,CUST1170,Mombasa,Bank Transfer
TXN100565,2025-02-03,Laptop,Computers,5,71338.39,356691.95,CUST1159,Eldoret,Bank Transfer
TXN102441,21/08/2025,Keyboard,Accessories,3,41885.27,125655.81,CUST1089,Nairobi,Mobile Money
TXN100885,2025-08-30,Monitor,Computers,5,6310.87,31554.35,CUST1068,Nairobi,Cash
TXN101028,21/06/2025,Tablet,Mobile,1,56030.74,56030.74,CUST1376,Nairobi,Cash
TXN102553,2025-10-23,Tablet,Mobile,3,62371.35,187114.05,CUST1094,Eldoret,Card
TXN100782,16/03/2025,Tablet,Mobile,1,30057.25,30057.25,CUST1028,Kisumu,Bank Transfer
TXN102685,21/04/2025,Headphones,Accessories,4,56916.58,227666.32,CUST1007,Eldoret,Bank Transfer
TXN102045,2025-04-04,Tablet,Mobile,4,,41906.28,CUST1249,Nairobi,Cash
TXN100629,30/05/2025,Headphones,Accessories,3,74774.61,224323.83,CUST1280,Eldoret,CASH
TXN102959,2025-04-28,Laptop,Computers,1,1833.8,1833.8,CUST1089,Nairobi,Card
TXN102495,2025-12-02,Tablet,Mobile,2,80655.27,161310.54,CUST1017,Kisumu,Mobile Money
TXN100500,2025-08-27,Phone,Mobile,1,15211.56,15211.56,CUST1160,Nakuru,Card
TXN101782,23/02/2025,Phone,Mobile,3,65238.01,195714.03,CUST1018,Nakuru,Mobile Money
TXN101969,2025-08-19,Tablet,Mobile,1,54525.43,54525.43,CUST1257,Kisumu,Bank Transfer
TXN100408,2025-12-22,Monitor,Computers,3,,79753.83,CUST1324,,Mobile Money
TXN101343,09/05/2025,Headphones,Accessories,2,60922.11,121844.22,CUST1154,,Mobile Money
TXN100164,2025-10-17,Tablet,Mobile,4,25065.99,100263.96,CUST1351,Nairobi,Bank Transfer
TXN102911,2025-11-01,Monitor,Computers,1,4899.08,4899.08,CUST1335,Eldoret,Cash
TXN100243,09/05/2025,Phone,Mobile,5,12886.67,64433.35,CUST1026,Nakuru,Cash
TXN102939,2025-10-12,Phone,Mobile,1,17650.72,17650.72,CUST1275,Nakuru,Mobile Money
TXN102907,2025-02-10,Headphones,Accessories,1,6799.34,6799.34,CUST1216,Nairobi,Mobile Money
TXN101678,2025-05-21,  Monitor ,Computers,4,4687.87,18751.48,CUST1215,Nairobi,Card
TXN101522,2025-02-12,Monitor,Computers,3,25758.99,77276.97,CUST1389,Nakuru,Mobile Money
TXN101649,23/03/2025,  Tablet ,Mobile,3,75441.74,226325.22,CUST1165,Mombasa,Card
TXN100378,2025-09-16,Tablet,Mobile,2,1318.16,2636.32,CUST1233,Kisumu,Card
TXN101087,2025-02-20,Phone,Mobile,5,887.44,4437.2,CUST1109,Eldoret,BANK TRANSFER
TXN101898,2025-03-26,Keyboard,Accessories,3,50961.03,152883.09,CUST1072,Kisumu,MOBILE MONEY
TXN102658,2025-01-10,Tablet,Mobile,2,38673.18,77346.36,CUST1021,Mombasa,Card
TXN100294,2025-11-07,Monitor,Computers,4,18760.06,75040.24,CUST1073,Kisumu,Cash
TXN102040,2025-01-05,Keyboard,Accessories,4,27346.51,109386.04,CUST1297,Nakuru,Card
TXN102138,2025-11-26,Laptop,Computers,5,10147.89,50739.45,CUST1050,Eldoret,CARD
TXN102245,15/07/2025,Laptop,Computers,1,12636.09,12636.09,CUST1242,Nakuru,Bank Transfer
TXN102018,2025-03-14,Headphones,Accessories,4,59260.06,237040.24,CUST1124,Nakuru,Mobile Money
TXN101754,2025-03-17,Monitor,Computers,4,73307.68,293230.72,CUST1014,Kisumu,Bank Transfer
TXN100315,10/11/2025,Monitor,Computers,2,37228.78,74457.56,CUST1241,Nairobi,Mobile Money
TXN100528,2025-07-13,Phone,Mobile,5,73393.65,366968.25,CUST1157,Kisumu,Mobile Money
TXN102235,2025-12-08,Tablet,Mobile,2,35044.38,70088.76,CUST1088,Kisumu,Mobile Money
TXN101177,2025-12-15,Laptop,Computers,3,61477.45,184432.35,CUST1062,Nakuru,Cash
TXN100189,03/09/2025,Monitor,Computers,1,5943.87,5943.87,CUST1205,Nakuru,Card
TXN100027,2025-04-19,Keyboard,Accessories,5,38370.85,191854.25,CUST1276,Mombasa,Cash
TXN102324,30/11/2025,  Monitor ,Computers,1,40376.14,40376.14,CUST1343,Eldoret,Bank Transfer
TXN101673,13/06/2025,Phone,Mobile,3,11446.17,34338.51,CUST1352,Nairobi,Cash
TXN100274,2025-05-08,Monitor,Computers,3,58635.69,175907.07,CUST1058,Nairobi,Mobile Money
TXN101072,06/10/2025,  Laptop ,Computers,5,67860.25,339301.25,CUST1165,Kisumu,CASH
TXN101074,2025-09-06,Phone,Mobile,5,25686.89,128434.45,CUST1210,Kisumu,Mobile Money
TXN101890,2025-01-31,Keyboard,Accessories,5,68572.05,342860.25,CUST1392,Nakuru,CASH
TXN100132,2025-12-12,Laptop,Computers,1,20988.74,20988.74,CUST1294,Eldoret,Card
TXN102828,2025-09-04,Laptop,Computers,2,2795.28,5590.56,CUST1027,Nakuru,Card
TXN102833,31/01/2025,Tablet,Mobile,3,3398.28,10194.84,CUST1063,Nairobi,Cash
TXN102688,28/10/2025,Monitor,Computers,5,13831.21,69156.05,CUST1395,Kisumu,Cash
TXN102747,09/07/2025,Keyboard,Accessories,5,70460.59,352302.95,CUST1052,Mombasa,CARD
TXN101334,2025-10-25,Tablet,Mobile,4,42901.35,171605.4,CUST1205,Eldoret,Card
TXN102253,2025-06-22,Headphones,Accessories,4,89655.78,358623.12,CUST1020,Kisumu,Bank Transfer
TXN102305,2025-03-25,  Phone ,Mobile,5,41073.35,205366.75,CUST1300,Mombasa,Cash
TXN102182,2025-03-21,Headphones,Accessories,1,78552.69,78552.69,CUST1307,Kisumu,MOBILE MONEY
TXN100585,2025-03-02,Headphones,Accessories,5,26817.58,134087.9,CUST1240,Nairobi,Card
TXN100837,2025-02-26,Headphones,Accessories,1,31222.79,31222.79,CUST1156,Nakuru,Bank Transfer
TXN100710,2025-07-15,Phone,Mobile,4,71165.22,284660.88,CUST1179,,Card
TXN102472,2025-04-23,Phone,Mobile,5,20514.46,102572.3,CUST1127,Nakuru,Mobile Money
TXN102555,2025-03-10,Tablet,Mobile,1,61724.1,61724.1,CUST1111,Kisumu,Card
TXN101250,2025-07-11,Laptop,Computers,3,27790.75,83372.25,CUST1155,Kisumu,Bank Transfer
TXN101203,2025-03-27,Monitor,Computers,4,2452.61,9810.44,CUST1078,Nakuru,Bank Transfer
TXN102651,2025-04-29,Laptop,Computers,5,26655.79,133278.95,CUST1203,Eldoret,Bank Transfer
TXN101437,2025-06-16,Tablet,Mobile,3,78672.39,236017.17,CUST1347,Nakuru,Mobile Money
TXN101863,2025-04-23,Keyboard,Accessories,4,26939.84,107759.36,CUST1057,Kisumu,Bank Transfer
TXN101553,2025-05-12,  Tablet ,Mobile,4,85136.24,340544.96,CUST1320,Eldoret,Mobile Money
TXN100816,2025-11-02,Tablet,Mobile,1,88474.6,88474.6,CUST1008,Eldoret,Mobile Money
TXN101182,2025-07-24,Keyboard,Accessories,5,34634.49,173172.45,CUST1130,Mombasa,Mobile Money
TXN102023,2025-06-06,Headphones,Accessories,2,51303.77,102607.54,CUST1243,Nakuru,Cash
TXN100957,2025-03-27,Tablet,Mobile,4,65476.92,261907.68,CUST1107,Eldoret,CASH
TXN100302,09/08/2025,Keyboard,Accessories,1,76321.93,76321.93,CUST1068,Kisumu,Cash
TXN100571,2025-10-20,Laptop,Computers,4,4943.77,19775.08,CUST1399,Mombasa,Mobile Money
TXN102717,2025-01-12,  Phone ,Mobile,5,67649.27,338246.35,CUST1252,Eldoret,Bank Transfer
TXN102087,22/08/2025,  Monitor ,Computers,3,46031.81,138095.43,CUST1008,Nairobi,BANK TRANSFER
TXN100630,2025-03-26,Tablet,Mobile,1,4597.14,4597.14,CUST1252,Mombasa,BANK TRANSFER
TXN101511,2025-09-09,Headphones,Accessories,1,9569.73,9569.73,CUST1101,Nairobi,Mobile Money
TXN102965,2025-10-09,Monitor,Computers,3,38192.04,114576.12,CUST1328,Mombasa,Mobile Money
TXN102844,2025-09-09,Headphones,Accessories,5,85872.93,429364.65,CUST1153,Mombasa,Bank Transfer
TXN101776,23/09/2025,Laptop,Computers,5,51994.35,259971.75,CUST1312,Eldoret,CASH
TXN101063,2025-06-04,Headphones,Accessories,5,44407.41,222037.05,CUST1299,Kisumu,Bank Transfer
TXN101914,2025-11-21,Keyboard,Accessories,2,86004.73,172009.46,CUST1142,Mombasa,Bank Transfer
TXN102534,2025-12-07,Laptop,Computers,1,84544.85,84544.85,CUST1070,Kisumu,BANK TRANSFER
TXN102258,2025-09-08,Headphones,Accessories,3,49938.25,149814.75,CUST1144,Kisumu,CARD
TXN101108,2025-10-20,Tablet,Mobile,5,61840.99,309204.95,CUST1240,Nakuru,MOBILE MONEY
TXN102705,2025-09-20,Phone,Mobile,4,,87194.32,CUST1342,Kisumu,Mobile Money
TXN101929,2025-12-19,Laptop,Computers,3,54963.35,164890.05,CUST1258,Nakuru,Mobile Money
TXN101918,04/07/2025,Tablet,Mobile,1,18027.33,18027.33,CUST1269,,Card
TXN100923,14/11/2025,Monitor,Computers,5,37503.05,187515.25,CUST1124,Eldoret,MOBILE MONEY
TXN100722,2025-07-25,Tablet,Mobile,4,83796.31,335185.24,CUST1314,Eldoret,Cash
TXN100059,13/01/2025,  Phone ,Mobile,2,79386.75,158773.5,CUST1091,Kisumu,Bank Transfer
TXN102292,2025-04-28,Headphones,Accessories,5,87416.64,437083.2,CUST1362,Eldoret,Mobile Money
TXN102497,2025-07-23,Phone,Mobile,4,41983.6,167934.4,CUST1363,Kisumu,Bank Transfer
TXN101926,2025-03-28,Headphones,Accessories,3,80847.41,242542.23,CUST1300,Kisumu,Card
TXN100023,2025-10-04,Phone,Mobile,3,68744.72,206234.16,CUST1398,,Card
TXN100577,22/06/2025,Headphones,Accessories,1,43615.59,43615.59,CUST1141,Kisumu,Cash
TXN100683,2025-04-11,Headphones,Accessories,2,80271.08,160542.16,CUST1134,Nairobi,Card
TXN102738,2025-07-19,Laptop,Computers,3,,204369.78,CUST1195,Eldoret,Cash
TXN101015,2025-04-23,Monitor,Computers,2,68550.39,137100.78,CUST1151,Eldoret,MOBILE MONEY
TXN100346,25/08/2025,Monitor,Computers,5,5667.44,28337.2,CUST1344,Kisumu,Card
TXN102331,2025-02-24,Tablet,Mobile,2,7451.83,14903.66,CUST1000,Nairobi,Card
TXN101667,2025-09-07,Phone,Mobile,2,85861.71,171723.42,CUST1221,Nakuru,Bank Transfer
TXN101555,2025-08-11,  Monitor ,Computers,2,65818.17,131636.34,CUST1188,Mombasa,Bank Transfer
TXN101088,11/12/2025,Headphones,Accessories,5,17068.76,85343.8,CUST1054,Mombasa,Cash
TXN100008,2025-07-05,Tablet,Mobile,5,79747.93,398739.65,CUST1295,Mombasa,Card
TXN102739,2025-01-16,  Tablet ,Mobile,4,51442.82,205771.28,CUST1344,Nairobi,Mobile Money
TXN100228,2025-03-23,Monitor,Computers,5,47285.95,236429.75,CUST1186,,CASH
TXN100489,08/07/2025,Laptop,Computers,5,41378.78,206893.9,CUST1102,Kisumu,Cash
TXN102645,2025-01-14,Laptop,Computers,2,19178.97,38357.94,CUST1015,Eldoret,Card
TXN101665,2025-07-24,Monitor,Computers,4,,158110.2,CUST1098,Kisumu,Mobile Money
TXN100829,11/08/2025,Headphones,Accessories,1,36168.17,36168.17,CUST1396,Mombasa,Mobile Money
TXN102787,2025-11-27,Tablet,Mobile,4,86451.38,345805.52,CUST1240,Mombasa,CARD
TXN100385,2025-10-10,  Laptop ,Computers,4,34444.13,137776.52,CUST1243,Nairobi,Card
TXN101795,12/03/2025,Headphones,Accessories,1,18718.17,18718.17,CUST1266,Mombasa,CASH
TXN100449,2025-12-22,Monitor,Computers,5,67607.31,338036.55,CUST1188,Nakuru,Bank Transfer
TXN102561,01/02/2025,Laptop,Computers,4,41990.63,167962.52,CUST1400,Nairobi,Bank Transfer
TXN100015,2025-11-26,  Tablet ,Mobile,4,35909.06,143636.24,CUST1234,Mombasa,Cash
TXN101114,2025-10-03,Laptop,Computers,3,15695.24,47085.72,CUST1166,Nairobi,Bank Transfer
TXN102921,03/04/2025,Laptop,Computers,801,14117.95,28235.9,CUST1390,Nakuru,Bank Transfer
TXN101388,2025-10-19,Laptop,Computers,5,71317.75,356588.75,CUST1087,Kisumu,CARD
TXN102517,2025-04-15,Monitor,Computers,2,81582.93,163165.86,CUST1373,Mombasa,Cash
TXN101588,25/11/2025,Laptop,Computers,2,5870.07,11740.14,CUST1016,Eldoret,Mobile Money
TXN100823,29/01/2025,Tablet,Mobile,5,34648.38,173241.9,CUST1394,,Cash
TXN102786,22/02/2025,Tablet,Mobile,5,22077.46,110387.3,CUST1200,Nairobi,Mobile Money
TXN102844,2025-09-09,Headphones,Accessories,5,85872.93,429364.65,CUST1153,Mombasa,Bank Transfer
TXN101751,2025-04-05,Monitor,Computers,2,57439.65,114879.3,CUST1072,Mombasa,Mobile Money
TXN101226,2025-03-12,Keyboard,Accessories,4,,283823.24,CUST1219,Nakuru,Bank Transfer
TXN102017,2025-10-24,Phone,Mobile,3,68335.67,205007.01,CUST1385,Nairobi,MOBILE MONEY
TXN102735,2025-03-20,Keyboard,Accessories,4,64809.31,259237.24,CUST1066,Kisumu,Mobile Money
TXN101304,2025-05-31,Laptop,Computers,1,50553.6,50553.6,CUST1195,Nakuru,Card
TXN101231,05/01/2025,Tablet,Mobile,3,,245628.48,CUST1143,Eldoret,Mobile Money
TXN101882,2025-06-04,Monitor,Computers,5,67041.76,335208.8,CUST1140,Nakuru,Mobile Money
TXN101009,2025-06-16,Monitor,Computers,2,67364.26,134728.52,CUST1117,Nairobi,Cash
TXN102549,2025-04-19,Keyboard,Accessories,2,5813.76,11627.52,CUST1313,Nakuru,Mobile Money
TXN101269,2025-02-28,Keyboard,Accessories,5,,174809.3,CUST1137,,Cash
TXN102817,20/04/2025,Phone,Mobile,2,83330.73,166661.46,CUST1018,Kisumu,Mobile Money
TXN102862,2025-10-20,Headphones,Accessories,1,,43909.41,CUST1136,Mombasa,MOBILE MONEY
TXN102772,2025-09-26,Headphones,Accessories,3,76675.43,230026.29,CUST1315,Nakuru,Bank Transfer
TXN101106,04/12/2025,Laptop,Computers,1,16329.79,16329.79,CUST1399,Kisumu,Mobile Money
TXN100497,2025-12-06,Keyboard,Accessories,5,6074.32,30371.6,CUST1066,Mombasa,Cash
TXN100352,2025-01-12,Tablet,Mobile,2,75216.53,150433.06,CUST1152,Nakuru,BANK TRANSFER
TXN101991,2025-03-19,Headphones,Accessories,3,,222375.81,CUST1236,Nakuru,Mobile Money
TXN100442,2025-12-30,Phone,Mobile,5,62177.46,310887.3,CUST1312,Nakuru,Mobile Money
TXN100001,2025-10-07,  Tablet ,Mobile,1,61064.6,61064.6,CUST1044,,Bank Transfer
TXN101785,27/01/2025,Tablet,Mobile,1,49948.39,49948.39,CUST1198,Nakuru,MOBILE MONEY
TXN100285,2025-01-29,Phone,Mobile,4,45506.31,182025.24,CUST1063,Eldoret,Mobile Money
TXN101560,2025-01-07,Monitor,Computers,4,2354.07,9416.28,CUST1390,Nairobi,Mobile Money
TXN101646,2025-01-27,Phone,Mobile,5,58176.88,290884.4,CUST1295,Nakuru,Mobile Money
TXN100783,09/04/2025,Laptop,Computers,5,,212890.7,CUST1128,Nakuru,Card
TXN100860,29/07/2025,Phone,Mobile,2,20751.44,41502.88,CUST1391,Nairobi,Cash
TXN102050,2025-03-29,Phone,Mobile,2,69092.57,138185.14,CUST1080,Eldoret,MOBILE MONEY
TXN102745,2025-09-05,Keyboard,Accessories,3,65156.67,195470.01,CUST1091,Kisumu,BANK TRANSFER
TXN100348,2025-10-05,Monitor,Computers,3,63184.45,189553.35,CUST1030,Nairobi,Bank Transfer
TXN100068,2025-06-19,Monitor,Computers,1,85424.27,85424.27,CUST1319,Kisumu,Card
TXN100403,2025-02-09,Monitor,Computers,3,43838.7,131516.1,CUST1184,Kisumu,MOBILE MONEY
TXN102422,2025-09-13,Keyboard,Accessories,3,29326.16,87978.48,CUST1259,Eldoret,Bank Transfer
TXN100754,2025-10-13,Headphones,Accessories,3,32747.44,98242.32,CUST1131,Kisumu,Card
TXN100797,2025-09-29,Keyboard,Accessories,5,14850.74,74253.7,CUST1079,Nakuru,Cash
TXN101050,2025-10-21,Monitor,Computers,3,87279.7,261839.1,CUST1341,Mombasa,Bank Transfer
TXN102492,2025-08-18,Keyboard,Accessories,1,13717.36,13717.36,CUST1064,Mombasa,Card
TXN102501,02/08/2025,Headphones,Accessories,2,65010.2,130020.4,CUST1019,Nairobi,Cash
TXN100177,2025-03-21,Tablet,Mobile,5,38011.84,190059.2,CUST1212,Nairobi,Bank Transfer
TXN100953,2025-05-12,  Phone ,Mobile,5,25646.99,128234.95,CUST1007,Nairobi,Mobile Money
TXN101380,2025-05-03,Phone,Mobile,2,34030.7,68061.4,CUST1102,Nairobi,Card
TXN102141,2025-01-14,  Monitor ,Computers,4,60381.62,241526.48,CUST1110,Eldoret,MOBILE MONEY
TXN101876,2025-09-06,Keyboard,Accessories,1,,45384.19,CUST1021,Mombasa,Cash
TXN102162,2025-10-02,Laptop,Computers,5,63897.68,319488.4,CUST1160,Nairobi,Mobile Money
TXN101955,2025-10-12,Laptop,Computers,2,14295.35,28590.7,CUST1397,Kisumu,CARD
TXN100252,2025-01-25,Headphones,Accessories,2,27453.03,54906.06,CUST1122,Nakuru,Bank Transfer
TXN101756,2025-08-28,Laptop,Computers,812,86670.29,260010.87,CUST1370,Nakuru,Cash
TXN101438,2025-11-10,  Keyboard ,Accessories,4,36314.78,145259.12,CUST1041,Kisumu,Bank Transfer
TXN100558,2025-10-20,Headphones,Accessories,4,59103.5,236414.0,CUST1311,Nakuru,Card
TXN101577,2025-10-03,Monitor,Computers,4,49665.86,198663.44,CUST1273,Nakuru,Mobile Money
TXN101981,2025-02-10,Monitor,Computers,5,88233.85,441169.25,CUST1172,Kisumu,Bank Transfer
TXN100193,2025-11-30,Laptop,Computers,1,76824.95,76824.95,CUST1393,Eldoret,Mobile Money
TXN102989,2025-06-27,Phone,Mobile,1,74186.02,74186.02,CUST1348,Kisumu,CASH
TXN101507,2025-05-16,Headphones,Accessories,3,43739.66,131218.98,CUST1109,Nairobi,Bank Transfer
TXN102774,2025-08-14,  Monitor ,Computers,4,80948.75,323795.0,CUST1368,Kisumu,Bank Transfer
TXN101701,2025-12-05,Phone,Mobile,3,3058.47,9175.41,CUST1271,Nakuru,Cash
TXN100244,2025-09-22,Keyboard,Accessories,1,64170.39,64170.39,CUST1063,Kisumu,Card
TXN100445,2025-09-21,Keyboard,Accessories,3,85739.56,257218.68,CUST1347,Nairobi,Mobile Money
TXN100476,2025-05-03,Tablet,Mobile,4,65831.27,263325.08,CUST1029,,CARD
TXN100538,24/03/2025,  Headphones ,Accessories,2,79969.85,159939.7,CUST1374,,Card
TXN101330,24/05/2025,Phone,Mobile,1,,56836.59,CUST1064,Eldoret,Bank Transfer
TXN100255,2025-08-02,Keyboard,Accessories,3,22030.5,66091.5,CUST1095,Nairobi,Cash
TXN100451,2025-08-08,Laptop,Computers,5,36095.57,180477.85,CUST1108,Nakuru,CASH
TXN102855,2025-10-16,Keyboard,Accessories,5,6581.05,32905.25,CUST1387,Kisumu,Card
TXN101488,2025-07-28,Keyboard,Accessories,1,61716.14,61716.14,CUST1033,Kisumu,Card
TXN101744,2025-06-19,  Headphones ,Accessories,5,43591.38,217956.9,CUST1031,Nairobi,Card
TXN102427,2025-07-15,Monitor,Computers,5,31393.98,156969.9,CUST1010,Nakuru,Bank Transfer
TXN102252,2025-01-27,Monitor,Computers,3,81570.59,244711.77,CUST1332,Mombasa,Cash
TXN102496,2025-01-26,Monitor,Computers,2,31385.17,62770.34,CUST1016,Kisumu,Bank Transfer
TXN102570,09/12/2025,  Headphones ,Accessories,2,68317.45,136634.9,CUST1284,Eldoret,Mobile Money
TXN102416,2025-11-11,  Phone ,Mobile,1,51626.0,51626.0,CUST1138,Nakuru,Card
TXN102970,2025-02-17,Tablet,Mobile,4,38276.32,153105.28,CUST1037,Nairobi,Bank Transfer
TXN100948,29/08/2025,  Headphones ,Accessories,5,70178.18,350890.9,CUST1232,Eldoret,Bank Transfer
TXN100510,2025-03-30,Laptop,Computers,4,61647.56,246590.24,CUST1181,Mombasa,Mobile Money
TXN101393,05/05/2025,Headphones,Accessories,2,66543.24,133086.48,CUST1317,,Card
TXN101508,26/11/2025,Phone,Mobile,3,83655.26,250965.78,CUST1263,Nairobi,Bank Transfer
TXN102671,2025-12-03,Keyboard,Accessories,5,72822.27,364111.35,CUST1151,Eldoret,Bank Transfer
TXN102336,2025-05-01,  Phone ,Mobile,1,10576.52,10576.52,CUST1233,Eldoret,CASH
TXN101331,2025-12-06,Phone,Mobile,1,70727.54,70727.54,CUST1314,Nairobi,Mobile Money
TXN101309,04/08/2025,Tablet,Mobile,5,23437.61,117188.05,CUST1246,Eldoret,Bank Transfer
TXN101938,2025-11-20,  Headphones ,Accessories,5,40745.75,203728.75,CUST1351,Mombasa,Card
TXN101972,2025-09-21,Tablet,Mobile,5,23576.37,117881.85,CUST1314,Nakuru,Bank Transfer
TXN102718,25/12/2025,Monitor,Computers,1,41094.85,41094.85,CUST1031,Nakuru,BANK TRANSFER
TXN102514,2025-06-18,Phone,Mobile,4,50687.55,202750.2,CUST1090,Eldoret,Mobile Money
TXN102648,2025-11-02,  Tablet ,Mobile,3,74162.16,222486.48,CUST1061,Nakuru,Card
TXN101990,2025-10-13,Keyboard,Accessories,4,43066.46,172265.84,CUST1006,Kisumu,Cash
TXN102511,2025-05-21,Monitor,Computers,1,86298.05,86298.05,CUST1274,Eldoret,Bank Transfer
TXN102468,19/06/2025,Headphones,Accessories,5,50491.89,252459.45,CUST1323,Kisumu,Mobile Money
TXN100621,09/09/2025,Monitor,Computers,2,7200.44,14400.88,CUST1164,Mombasa,CASH
TXN101510,2025-06-29,Headphones,Accessories,3,10091.18,30273.54,CUST1369,Mombasa,Bank Transfer
TXN101888,2025-02-12,Headphones,Accessories,2,72966.43,145932.86,CUST1048,Eldoret,Mobile Money
TXN101671,2025-01-16,Keyboard,Accessories,5,32026.67,160133.35,CUST1058,Mombasa,Cash
TXN101700,2025-02-26,Phone,Mobile,4,78919.56,315678.24,CUST1123,Nairobi,BANK TRANSFER
TXN101947,24/07/2025,Keyboard,Accessories,5,62657.61,313288.05,CUST1242,Mombasa,Cash
TXN101200,2025-04-08,Laptop,Computers,2,,25185.4,CUST1057,Nairobi,Mobile Money
TXN102937,2025-07-23,  Monitor ,Computers,4,81154.75,324619.0,CUST1391,Mombasa,Mobile Money
TXN100663,2025-03-20,Tablet,Mobile,1,67346.73,67346.73,CUST1012,Nakuru,Cash
TXN100774,23/04/2025,Phone,Mobile,4,74644.2,298576.8,CUST1134,Nairobi,Bank Transfer
TXN100573,2025-03-09,Tablet,Mobile,1,42931.7,42931.7,CUST1331,Mombasa,CARD
TXN102013,2025-05-14,Monitor,Computers,1,70582.32,70582.32,CUST1366,Eldoret,Card
TXN102406,10/05/2025,Phone,Mobile,3,54735.55,164206.65,CUST1063,Nakuru,Bank Transfer
TXN102674,2025-10-19,Laptop,Computers,5,79916.79,399583.95,CUST1316,Mombasa,Mobile Money
TXN102700,2025-05-15,Keyboard,Accessories,5,6478.07,32390.35,CUST1011,Nakuru,Cash
TXN102227,2025-07-25,  Monitor ,Computers,5,76725.69,383628.45,CUST1064,Kisumu,Mobile Money
TXN101121,2025-06-22,Tablet,Mobile,5,8978.66,44893.3,CUST1139,Nairobi,Bank Transfer
TXN100550,2025-09-25,Keyboard,Accessories,1,75751.35,75751.35,CUST1214,Eldoret,Bank Transfer
TXN102606,2025-06-22,Monitor,Computers,2,61479.83,122959.66,CUST1015,Nairobi,CARD
TXN102053,2025-06-11,Headphones,Accessories,3,74716.2,224148.6,CUST1230,Kisumu,Bank Transfer
TXN100139,2025-01-27,Keyboard,Accessories,4,,225896.32,CUST1104,Kisumu,MOBILE MONEY
TXN102094,2025-12-09,  Keyboard ,Accessories,2,66906.02,133812.04,CUST1092,Kisumu,Card
TXN100282,2025-07-23,  Keyboard ,Accessories,1,6384.46,6384.46,CUST1367,Nakuru,BANK TRANSFER
TXN100258,2025-12-03,Laptop,Computers,3,22080.77,66242.31,CUST1321,,Cash
TXN100616,2025-09-07,Tablet,Mobile,2,43735.63,87471.26,CUST1057,Nakuru,BANK TRANSFER
TXN101811,2025-02-02,Keyboard,Accessories,5,28605.37,143026.85,CUST1225,Mombasa,Cash
TXN101797,2025-08-21,Phone,Mobile,4,58666.77,234667.08,CUST1058,Nairobi,Bank Transfer
TXN102165,2025-03-29,Keyboard,Accessories,4,6286.87,25147.48,CUST1011,Eldoret,Bank Transfer
TXN102175,2025-06-25,Monitor,Computers,4,,51586.4,CUST1093,Nairobi,Cash
TXN100725,29/04/2025,  Keyboard ,Accessories,5,46665.32,233326.6,CUST1314,Mombasa,Card
TXN101636,2025-10-05,  Phone ,Mobile,5,53742.82,268714.1,CUST1223,Nakuru,Cash
TXN102170,18/09/2025,Phone,Mobile,5,71958.26,359791.3,CUST1208,Mombasa,Cash
TXN100677,2025-12-02,Headphones,Accessories,3,11975.26,35925.78,CUST1120,Nairobi,Cash
TXN102073,2025-08-27,Laptop,Computers,4,73689.14,294756.56,CUST1231,Mombasa,CASH
TXN101152,2025-07-08,Headphones,Accessories,2,8053.71,16107.42,CUST1093,Nakuru,Bank Transfer
TXN101052,2025-04-23,Headphones,Accessories,1,36445.88,36445.88,CUST1228,Kisumu,CARD
TXN100055,2025-12-20,Keyboard,Accessories,1,10512.71,10512.71,CUST1076,Eldoret,Card
TXN101566,2025-01-13,Phone,Mobile,1,82138.94,82138.94,CUST1116,Nakuru,Bank Transfer
TXN102304,2025-02-25,Keyboard,Accessories,4,68382.31,273529.24,CUST1140,Nakuru,Cash
TXN101411,2025-10-29,  Monitor ,Computers,3,,173621.58,CUST1036,Nakuru,Card
TXN102289,02/08/2025,Laptop,Computers,1,40513.5,40513.5,CUST1126,Mombasa,CASH
TXN101288,2025-01-19,Phone,Mobile,4,87073.04,348292.16,CUST1143,Nakuru,Mobile Money
TXN100166,2025-11-18,Tablet,Mobile,2,56728.21,113456.42,CUST1330,Nairobi,Cash
TXN102958,2025-04-19,Tablet,Mobile,5,50355.6,251778.0,CUST1085,Mombasa,CARD
TXN100872,2025-11-21,Laptop,Computers,1,63707.29,63707.29,CUST1185,Nairobi,Bank Transfer
TXN101361,30/12/2025,Phone,Mobile,3,39181.96,117545.88,CUST1340,Nakuru,Mobile Money
TXN100887,2025-11-19,Laptop,Computers,5,65810.7,329053.5,CUST1270,Nairobi,BANK TRANSFER
TXN100888,2025-12-28,Tablet,Mobile,5,84083.3,420416.5,CUST1147,Nakuru,CASH
TXN102439,2025-09-14,Headphones,Accessories,5,73290.87,366454.35,CUST1258,Nairobi,Bank Transfer
TXN102486,2025-11-10,Keyboard,Accessories,5,6915.66,34578.3,CUST1145,,Card
TXN101819,2025-05-31,Tablet,Mobile,3,42626.31,127878.93,CUST1318,Nairobi,MOBILE MONEY
TXN102519,2025-01-02,  Laptop ,Computers,2,78653.29,157306.58,CUST1122,Nairobi,Cash
TXN100498,2025-07-21,Headphones,Accessories,3,83380.75,250142.25,CUST1358,Kisumu,Cash
TXN100714,30/11/2025,Headphones,Accessories,1,14352.68,14352.68,CUST1299,Kisumu,Cash
TXN102809,2025-04-12,Tablet,Mobile,1,8776.52,8776.52,CUST1244,Kisumu,Mobile Money
TXN101056,07/08/2025,Monitor,Computers,2,64578.76,129157.52,CUST1189,Nakuru,Cash
TXN102961,2025-11-02,Laptop,Computers,5,75794.12,378970.6,CUST1343,Eldoret,Bank Transfer
TXN100364,2025-11-28,Phone,Mobile,3,18698.64,56095.92,CUST1040,Nakuru,Cash
TXN101760,30/08/2025,Tablet,Mobile,4,,136795.12,CUST1310,Mombasa,Cash
TXN102378,2025-12-07,  Laptop ,Computers,1,24018.41,24018.41,CUST1183,Nakuru,Bank Transfer
TXN101727,2025-03-18,Monitor,Computers,2,42235.41,84470.82,CUST1267,Kisumu,Mobile Money
TXN101172,2025-12-30,Monitor,Computers,1,40016.01,40016.01,CUST1287,Nakuru,Bank Transfer
TXN101167,2025-01-23,Phone,Mobile,3,10957.36,32872.08,CUST1065,Nakuru,Cash
TXN100800,2025-10-03,Headphones,Accessories,1,59416.9,59416.9,CUST1198,Mombasa,Bank Transfer
TXN100617,2025-06-10,Laptop,Computers,1,23914.35,23914.35,CUST1006,Eldoret,Mobile Money
TXN102077,2025-04-13,Keyboard,Accessories,4,58998.34,235993.36,CUST1394,Eldoret,Cash
TXN100600,2025-10-08,Monitor,Computers,4,34532.71,138130.84,CUST1129,Nakuru,Mobile Money
TXN100123,17/04/2025,Keyboard,Accessories,1,85309.32,85309.32,CUST1320,Mombasa,CASH
TXN101597,2025-11-23,Headphones,Accessories,2,49876.38,99752.76,CUST1016,Mombasa,Cash
TXN100334,2025-09-21,Keyboard,Accessories,4,74515.59,298062.36,CUST1167,Nairobi,Bank Transfer
TXN101857,2025-04-06,Monitor,Computers,2,43863.39,87726.78,CUST1375,Nakuru,Cash
TXN102722,18/08/2025,Laptop,Computers,3,48747.17,146241.51,CUST1053,Kisumu,Bank Transfer
TXN100304,17/07/2025,  Headphones ,Accessories,5,26329.85,131649.25,CUST1258,Nakuru,CASH
TXN102903,09/06/2025,Tablet,Mobile,5,49684.91,248424.55,CUST1259,Nakuru,CASH
TXN100980,20/11/2025,Headphones,Accessories,3,36355.02,109065.06,CUST1331,Nairobi,Cash
TXN101688,05/06/2025,Laptop,Computers,1,4796.3,4796.3,CUST1038,Kisumu,Cash
TXN102750,2025-06-06,Headphones,Accessories,2,1180.41,2360.82,CUST1321,Eldoret,Card
TXN102832,2025-05-14,Keyboard,Accessories,1,31143.93,31143.93,CUST1081,Nairobi,MOBILE MONEY
TXN100918,2025-04-25,Headphones,Accessories,4,42613.86,170455.44,CUST1073,Eldoret,Cash
TXN101079,2025-04-18,Tablet,Mobile,2,28014.83,56029.66,CUST1066,Nairobi,Bank Transfer
TXN100304,17/07/2025,  Headphones ,Accessories,5,26329.85,131649.25,CUST1258,Nakuru,CASH
TXN100581,23/11/2025,Headphones,Accessories,2,61925.47,123850.94,CUST1243,Kisumu,Cash
TXN101989,2025-10-29,Tablet,Mobile,5,74514.26,372571.3,CUST1215,Eldoret,Cash
TXN101616,28/08/2025,Monitor,Computers,1,31729.95,31729.95,CUST1328,Eldoret,Bank Transfer
TXN101274,2025-08-26,  Keyboard ,Accessories,4,4240.39,16961.56,CUST1317,Kisumu,Mobile Money
TXN101284,2025-06-30,Tablet,Mobile,4,60666.01,242664.04,CUST1192,Eldoret,Cash
TXN101194,2025-01-24,Phone,Mobile,2,75940.43,151880.86,CUST1042,Nakuru,CASH
TXN100828,01/09/2025,  Phone ,Mobile,2,30587.05,61174.1,CUST1292,Nairobi,BANK TRANSFER
TXN100991,2025-02-19,Tablet,Mobile,1,81467.28,81467.28,CUST1233,Eldoret,Mobile Money
TXN101197,2025-01-10,Tablet,Mobile,1,39325.0,39325.0,CUST1002,Nakuru,Card
TXN101195,10/12/2025,Headphones,Accessories,5,,326532.35,CUST1230,Eldoret,Cash
TXN101824,28/09/2025,Keyboard,Accessories,1,76359.76,76359.76,CUST1026,Eldoret,Bank Transfer
TXN101879,2025-02-09,Tablet,Mobile,3,77647.54,232942.62,CUST1037,Eldoret,Bank Transfer
TXN101861,2025-04-03,Monitor,Computers,5,,296481.1,CUST1153,Mombasa,Cash
TXN101350,2025-06-06,Phone,Mobile,5,78700.64,393503.2,CUST1377,Nairobi,Bank Transfer
TXN101527,2025-01-27,Laptop,Computers,5,18368.09,91840.45,CUST1194,Nakuru,Cash
TXN101558,15/03/2025,Monitor,Computers,5,17312.4,86562.0,CUST1036,Nakuru,Mobile Money
TXN102466,26/03/2025,Phone,Mobile,4,82404.49,329617.96,CUST1344,Nakuru,CARD
TXN102357,2025-03-03,  Laptop ,Computers,1,3283.22,3283.22,CUST1106,Mombasa,CARD
TXN100409,2025-07-21,Headphones,Accessories,4,25586.86,102347.44,CUST1186,Nairobi,MOBILE MONEY
TXN100675,2025-10-09,Tablet,Mobile,5,76776.48,383882.4,CUST1236,Eldoret,Card
TXN100297,16/07/2025,Laptop,Computers,1,26473.97,26473.97,CUST1315,Nakuru,Mobile Money
TXN100925,2025-10-06,Monitor,Computers,5,70965.75,354828.75,CUST1355,Mombasa,Mobile Money
TXN100022,02/06/2025,Keyboard,Accessories,1,78411.41,78411.41,CUST1327,Eldoret,Mobile Money
TXN102470,18/06/2025,Laptop,Computers,4,43763.94,175055.76,CUST1260,,Bank Transfer
TXN100067,2025-10-03,Tablet,Mobile,4,,2605.48,CUST1351,Mombasa,Cash
TXN100728,2025-10-14,Laptop,Computers,5,25962.19,129810.95,CUST1298,,CASH
TXN101621,2025-08-31,Laptop,Computers,3,71165.54,213496.62,CUST1109,Nairobi,Mobile Money
TXN101346,2025-03-18,Monitor,Computers,5,89040.08,445200.4,CUST1203,Mombasa,MOBILE MONEY
TXN101307,2025-06-18,Headphones,Accessories,1,41139.87,41139.87,CUST1300,Mombasa,Card
TXN100893,2025-05-11,Laptop,Computers,2,62256.53,124513.06,CUST1034,Kisumu,Cash
TXN100671,2025-01-06,Headphones,Accessories,3,86186.55,258559.65,CUST1283,Eldoret,MOBILE MONEY
TXN101672,07/02/2025,Monitor,Computers,2,32518.13,65036.26,CUST1110,Kisumu,Cash
TXN101199,12/11/2025,Headphones,Accessories,5,73275.36,366376.8,CUST1184,Nakuru,Cash
TXN100181,2025-01-26,Tablet,Mobile,5,87412.85,437064.25,CUST1170,Mombasa,Mobile Money
TXN101749,2025-06-03,Monitor,Computers,1,83380.98,83380.98,CUST1207,Nakuru,Mobile Money
TXN101829,2025-03-06,Monitor,Computers,4,21063.82,84255.28,CUST1275,Mombasa,Bank Transfer
TXN100293,2025-01-31,Headphones,Accessories,4,7031.09,28124.36,CUST1080,Nakuru,Bank Transfer
TXN100201,08/08/2025,Laptop,Computers,3,51881.95,155645.85,CUST1287,Eldoret,Card
TXN102185,2025-03-27,Tablet,Mobile,2,53314.52,106629.04,CUST1051,Nakuru,Mobile Money
TXN100126,2025-12-26,Phone,Mobile,3,63772.55,191317.65,CUST1232,Nairobi,MOBILE MONEY
TXN100531,2025-02-09,Monitor,Computers,2,30139.57,60279.14,CUST1121,Kisumu,Cash
TXN101431,2025-11-06,Monitor,Computers,4,68243.59,272974.36,CUST1219,Kisumu,Cash
TXN100199,2025-02-23,Headphones,Accessories,5,28464.18,142320.9,CUST1295,Eldoret,Mobile Money
TXN101497,01/07/2025,Tablet,Mobile,4,16887.86,67551.44,CUST1239,Eldoret,Cash
TXN102146,12/11/2025,Monitor,Computers,1,30371.81,30371.81,CUST1275,Mombasa,Cash
TXN102055,13/03/2025,Monitor,Computers,3,58298.45,174895.35,CUST1233,Kisumu,Card
TXN100692,2025-01-21,  Monitor ,Computers,4,79398.9,317595.6,CUST1332,Kisumu,Card
TXN100934,28/01/2025,Laptop,Computers,3,81146.27,243438.81,CUST1000,Eldoret,Cash
TXN100686,29/10/2025,Monitor,Computers,2,80283.66,160567.32,CUST1375,Kisumu,Mobile Money
TXN100817,24/04/2025,Headphones,Accessories,1,27379.89,27379.89,CUST1109,Kisumu,Card
TXN100216,2025-10-29,Monitor,Computers,1,22276.82,22276.82,CUST1205,Eldoret,Card
TXN102902,2025-10-03,Keyboard,Accessories,4,55673.9,222695.6,CUST1316,Mombasa,Bank Transfer
TXN101277,16/10/2025,Laptop,Computers,2,66656.87,133313.74,CUST1035,Kisumu,Card
TXN100152,2025-05-16,  Tablet ,Mobile,2,,14394.26,CUST1173,Eldoret,Bank Transfer
TXN102485,09/09/2025,Phone,Mobile,4,74265.09,297060.36,CUST1055,Kisumu,Cash
TXN101992,2025-05-11,  Keyboard ,Accessories,2,,121464.48,CUST1206,Nairobi,Card
TXN101841,2025-10-29,  Monitor ,Computers,2,46025.71,92051.42,CUST1143,Nairobi,Mobile Money
TXN102166,2025-09-02,Keyboard,Accessories,1,,80677.83,CUST1361,Mombasa,Card
TXN100965,07/01/2025,Tablet,Mobile,1,74936.21,74936.21,CUST1210,Nairobi,Card
TXN102008,03/05/2025,Phone,Mobile,4,33531.26,134125.04,CUST1089,Nakuru,Mobile Money
TXN100478,2025-12-26,Laptop,Computers,1,,63857.1,CUST1005,Mombasa,BANK TRANSFER
TXN101282,2025-07-31,Laptop,Computers,1,60707.22,60707.22,CUST1284,Nakuru,Bank Transfer
TXN101604,2025-03-24,Phone,Mobile,2,69309.9,138619.8,CUST1256,Eldoret,Cash
TXN102880,26/05/2025,Keyboard,Accessories,2,16344.12,32688.24,CUST1345,Eldoret,Mobile Money
TXN101666,22/02/2025,Phone,Mobile,3,86587.48,259762.44,CUST1298,Eldoret,CASH
TXN102923,2025-04-01,Monitor,Computers,1,9777.24,9777.24,CUST1143,Nairobi,Card
TXN101150,2025-05-08,  Keyboard ,Accessories,1,10419.12,10419.12,CUST1264,Mombasa,BANK TRANSFER
TXN100812,2025-12-03,  Keyboard ,Accessories,4,45670.0,182680.0,CUST1080,Eldoret,Bank Transfer
TXN102797,2025-08-14,Laptop,Computers,2,51608.37,103216.74,CUST1035,Mombasa,Card
TXN101554,2025-04-15,Monitor,Computers,2,29521.54,59043.08,CUST1297,Nakuru,Mobile Money
TXN100250,2025-02-10,Monitor,Computers,5,969.98,4849.9,CUST1009,Kisumu,Mobile Money
TXN100843,14/07/2025,Headphones,Accessories,4,21189.59,84758.36,CUST1260,Nairobi,Cash
TXN102467,2025-06-25,Laptop,Computers,4,73146.24,292584.96,CUST1315,Kisumu,Bank Transfer
TXN101264,2025-05-27,Laptop,Computers,1,48989.24,48989.24,CUST1073,Mombasa,Cash
TXN101008,2025-05-01,Keyboard,Accessories,1,6841.93,6841.93,CUST1369,,Cash
TXN100327,2025-05-28,  Monitor ,Computers,2,68154.04,136308.08,CUST1164,Kisumu,Card
TXN102021,2025-11-01,Tablet,Mobile,3,51356.69,154070.07,CUST1018,Mombasa,MOBILE MONEY
TXN100967,01/11/2025,Laptop,Computers,5,8728.74,43643.7,CUST1336,,Card
TXN100949,31/05/2025,Keyboard,Accessories,3,38180.94,114542.82,CUST1148,Mombasa,Card
TXN102399,17/10/2025,Headphones,Accessories,3,81695.98,245087.94,CUST1097,,CASH
TXN100972,2025-05-16,Laptop,Computers,3,86026.71,258080.13,CUST1091,Nakuru,Card
TXN101896,26/09/2025,Monitor,Computers,2,56541.76,113083.52,CUST1249,Mombasa,BANK TRANSFER
TXN100187,2025-09-20,Monitor,Computers,4,70132.53,280530.12,CUST1303,Nairobi,Bank Transfer
TXN100246,2025-01-14,Phone,Mobile,4,,318697.44,CUST1212,Nairobi,Bank Transfer
TXN102154,2025-02-12,Tablet,Mobile,3,55401.09,166203.27,CUST1165,Mombasa,Bank Transfer
TXN102906,2025-05-07,  Tablet ,Mobile,4,89524.22,358096.88,CUST1356,Nakuru,Card
TXN101249,29/05/2025,Laptop,Computers,1,33577.94,33577.94,CUST1020,Eldoret,Mobile Money
TXN102770,2025-09-04,Phone,Mobile,1,29495.91,29495.91,CUST1017,Eldoret,Mobile Money
TXN102397,2025-09-08,Monitor,Computers,3,8643.4,25930.2,CUST1175,Eldoret,Card
TXN101326,2025-07-10,Monitor,Computers,2,33582.84,67165.68,CUST1338,Mombasa,Bank Transfer
TXN102115,2025-10-11,  Headphones ,Accessories,3,41004.55,123013.65,CUST1042,,Mobile Money
TXN100283,2025-06-12,  Monitor ,Computers,5,7100.69,35503.45,CUST1328,Nairobi,Bank Transfer
TXN102387,2025-03-16,Phone,Mobile,2,77277.18,154554.36,CUST1389,Nairobi,Bank Transfer
TXN100157,2025-03-16,Headphones,Accessories,3,34048.28,102144.84,CUST1125,Eldoret,Bank Transfer
TXN102374,2025-03-01,Phone,Mobile,4,72853.46,291413.84,CUST1051,Mombasa,Mobile Money
TXN101505,2025-08-05,Keyboard,Accessories,3,85747.28,257241.84,CUST1253,,Mobile Money
TXN100903,2025-02-27,Phone,Mobile,5,27557.49,137787.45,CUST1191,Nairobi,MOBILE MONEY
TXN101345,2025-07-26,Headphones,Accessories,3,70589.98,211769.94,CUST1207,Eldoret,Card
TXN102683,2025-10-06,Monitor,Computers,5,68797.92,343989.6,CUST1346,Mombasa,Bank Transfer
TXN100975,07/02/2025,Tablet,Mobile,3,9744.2,29232.6,CUST1036,Eldoret,Cash
TXN102835,15/08/2025,Headphones,Accessories,5,6306.97,31534.85,CUST1302,Kisumu,Cash
TXN101645,09/08/2025,Headphones,Accessories,2,86344.87,172689.74,CUST1123,Eldoret,Bank Transfer
TXN101679,2025-10-30,  Monitor ,Computers,2,54328.05,108656.1,CUST1196,Mombasa,Card
TXN102354,2025-12-22,Phone,Mobile,4,14435.26,57741.04,CUST1385,Mombasa,Card
TXN100122,2025-10-29,Monitor,Computers,4,27113.11,108452.44,CUST1219,Kisumu,Card
TXN101534,29/10/2025,Headphones,Accessories,3,66992.42,200977.26,CUST1270,Eldoret,Cash
TXN102520,22/06/2025,Phone,Mobile,1,68958.58,68958.58,CUST1062,Eldoret,Bank Transfer
TXN102619,2025-01-28,Keyboard,Accessories,1,56439.01,56439.01,CUST1208,Mombasa,Mobile Money
TXN100869,14/09/2025,Monitor,Computers,4,8594.45,34377.8,CUST1057,Mombasa,Mobile Money
TXN102214,2025-01-08,Tablet,Mobile,3,4416.33,13248.99,CUST1078,Kisumu,Cash
TXN101030,2025-12-27,Headphones,Accessories,2,58511.45,117022.9,CUST1034,Eldoret,Mobile Money
TXN100756,2025-09-19,Headphones,Accessories,3,29595.58,88786.74,CUST1249,Nakuru,CARD
TXN101998,20/10/2025,  Phone ,Mobile,2,89295.72,178591.44,CUST1148,Mombasa,Mobile Money
TXN101156,27/09/2025,Keyboard,Accessories,1,1763.28,1763.28,CUST1222,Nakuru,Bank Transfer
TXN102342,25/01/2025,Keyboard,Accessories,4,,285523.04,CUST1146,Kisumu,Card
TXN100332,2025-08-23,Phone,Mobile,1,30096.23,30096.23,CUST1331,Kisumu,Mobile Money
TXN101592,05/04/2025,Keyboard,Accessories,1,20092.12,20092.12,CUST1381,Eldoret,Card
TXN101575,2025-06-30,Phone,Mobile,2,69194.42,138388.84,CUST1163,,Bank Transfer
TXN102845,2025-01-13,Phone,Mobile,1,63513.79,63513.79,CUST1008,Eldoret,Bank Transfer
TXN100472,2025-07-23,Laptop,Computers,1,,85406.86,CUST1259,Kisumu,Bank Transfer
TXN100901,2025-06-07,Phone,Mobile,5,10957.6,54788.0,CUST1361,Kisumu,Card
TXN100865,2025-01-22,Keyboard,Accessories,1,40919.06,40919.06,CUST1125,Eldoret,BANK TRANSFER
TXN101329,2025-10-02,Keyboard,Accessories,5,17424.64,87123.2,CUST1150,Mombasa,Cash
TXN101342,2025-07-04,Phone,Mobile,1,11113.62,11113.62,CUST1019,Eldoret,Mobile Money
TXN100741,2025-10-22,  Keyboard ,Accessories,3,,133693.38,CUST1140,Nakuru,Mobile Money
TXN102901,21/07/2025,Phone,Mobile,3,,168654.0,CUST1320,Nakuru,Cash
TXN102719,2025-03-17,Phone,Mobile,4,46885.83,187543.32,CUST1007,Kisumu,Card
TXN102875,2025-11-28,Headphones,Accessories,5,36589.04,182945.2,CUST1342,Nairobi,Mobile Money
TXN102131,2025-08-07,Headphones,Accessories,1,56607.4,56607.4,CUST1299,Mombasa,Bank Transfer
TXN101628,2025-06-15,Laptop,Computers,5,55677.86,278389.3,CUST1340,Kisumu,Card
TXN102334,2025-01-12,Laptop,Computers,3,37865.09,113595.27,CUST1152,Nairobi,CARD
TXN101149,13/04/2025,Tablet,Mobile,2,775.28,1550.56,CUST1321,Kisumu,Cash
TXN102521,11/11/2025,Keyboard,Accessories,1,43571.15,43571.15,CUST1142,Nairobi,Cash
TXN102616,18/03/2025,Headphones,Accessories,5,25119.6,125598.0,CUST1207,Nakuru,Card
TXN100256,17/09/2025,Laptop,Computers,5,,245976.7,CUST1283,Nairobi,Bank Transfer
TXN100633,2025-08-19,Tablet,Mobile,5,11528.12,57640.6,CUST1234,Eldoret,Mobile Money
TXN102492,2025-08-18,Keyboard,Accessories,1,13717.36,13717.36,CUST1064,Mombasa,Card
TXN100777,2025-08-22,Phone,Mobile,3,10376.89,31130.67,CUST1316,Nakuru,Cash
TXN102452,2025-11-24,Laptop,Computers,2,85321.43,170642.86,CUST1051,Kisumu,Cash
TXN100557,2025-05-27,Laptop,Computers,5,70269.25,351346.25,CUST1274,Kisumu,Bank Transfer
TXN102872,2025-07-11,  Keyboard ,Accessories,4,87540.46,350161.84,CUST1224,Nairobi,MOBILE MONEY
TXN101985,2025-12-10,Tablet,Mobile,2,25278.42,50556.84,CUST1023,Eldoret,Bank Transfer
TXN102088,2025-02-21,  Monitor ,Computers,4,86560.4,346241.6,CUST1181,Kisumu,Cash
TXN100261,2025-04-13,  Headphones ,Accessories,2,4420.66,8841.32,CUST1021,Kisumu,Cash
TXN102494,2025-12-09,Monitor,Computers,1,83723.66,83723.66,CUST1343,,Cash
TXN102516,13/05/2025,  Laptop ,Computers,2,83831.84,167663.68,CUST1086,Kisumu,Cash
TXN101889,2025-02-12,Phone,Mobile,4,53610.15,214440.6,CUST1072,Nakuru,Bank Transfer
TXN102164,2025-08-24,Headphones,Accessories,5,,376884.5,CUST1316,Nakuru,BANK TRANSFER
TXN102078,2025-03-17,Tablet,Mobile,5,14158.13,70790.65,CUST1105,Kisumu,Mobile Money
TXN102512,2025-11-24,Laptop,Computers,5,78234.86,391174.3,CUST1156,Eldoret,Card
TXN100208,2025-02-26,  Keyboard ,Accessories,1,31392.97,31392.97,CUST1145,Eldoret,Bank Transfer
TXN102764,2025-12-09,Keyboard,Accessories,3,88492.28,265476.84,CUST1143,Eldoret,Cash
TXN101913,2025-09-25,Monitor,Computers,4,32271.75,129087.0,CUST1162,Eldoret,Card
TXN101606,09/11/2025,Tablet,Mobile,4,21900.4,87601.6,CUST1310,Nairobi,Mobile Money
TXN101020,29/08/2025,Monitor,Computers,1,4085.25,4085.25,CUST1375,Eldoret,Card
TXN102763,2025-03-27,Keyboard,Accessories,4,25518.66,102074.64,CUST1070,Nakuru,Cash
TXN101403,2025-10-23,Keyboard,Accessories,2,27627.51,55255.02,CUST1229,Mombasa,Cash
TXN102161,2025-12-26,Laptop,Computers,2,29288.8,58577.6,CUST1126,Eldoret,MOBILE MONEY
TXN102096,2025-01-14,Keyboard,Accessories,3,3048.8,9146.4,CUST1169,Nairobi,Bank Transfer
TXN100209,2025-07-22,Keyboard,Accessories,3,4564.85,13694.55,CUST1306,Nairobi,Card
TXN100153,2025-12-12,Tablet,Mobile,1,76732.99,76732.99,CUST1273,Nakuru,Cash
TXN102395,2025-06-07,Keyboard,Accessories,5,29774.36,148871.8,CUST1240,Eldoret,Bank Transfer
TXN101590,2025-04-27,Keyboard,Accessories,5,27890.04,139450.2,CUST1216,Mombasa,Cash
TXN101147,2025-06-30,Phone,Mobile,3,45816.94,137450.82,CUST1215,Eldoret,Cash
TXN101967,18/12/2025,Phone,Mobile,5,45873.85,229369.25,CUST1232,Nairobi,Bank Transfer
TXN101633,2025-06-07,Headphones,Accessories,3,1949.12,5847.36,CUST1257,Nairobi,Bank Transfer
TXN102089,30/11/2025,Laptop,Computers,4,85161.68,340646.72,CUST1153,Mombasa,Card
TXN100597,09/03/2025,Monitor,Computers,1,20943.44,20943.44,CUST1108,Nairobi,Mobile Money
TXN101931,14/02/2025,  Monitor ,Computers,5,75331.45,376657.25,CUST1289,Nakuru,Card
TXN101656,2025-09-11,Headphones,Accessories,2,8803.55,17607.1,CUST1185,Mombasa,Bank Transfer
TXN100680,2025-06-10,Headphones,Accessories,4,15593.24,62372.96,CUST1126,Mombasa,Bank Transfer
TXN101565,2025-06-01,Laptop,Computers,1,9701.97,9701.97,CUST1052,Eldoret,Bank Transfer
TXN101328,08/08/2025,  Tablet ,Mobile,3,28956.67,86870.01,CUST1325,Mombasa,CARD
TXN102087,22/08/2025,  Monitor ,Computers,3,46031.81,138095.43,CUST1008,Nairobi,BANK TRANSFER
TXN101518,2025-12-16,Monitor,Computers,5,44853.3,224266.5,CUST1365,Mombasa,CASH
TXN102203,13/05/2025,Keyboard,Accessories,2,56147.86,112295.72,CUST1216,Eldoret,Cash
TXN100221,18/08/2025,Monitor,Computers,5,68509.0,342545.0,CUST1348,,Cash
TXN100225,2025-01-22,Monitor,Computers,5,50111.32,250556.6,CUST1230,Eldoret,Mobile Money
TXN102952,2025-08-19,Monitor,Computers,1,25044.56,25044.56,CUST1348,Mombasa,Cash
TXN102451,2025-04-15,  Tablet ,Mobile,4,33755.26,135021.04,CUST1237,Mombasa,Bank Transfer
TXN101760,30/08/2025,Tablet,Mobile,4,,136795.12,CUST1310,Mombasa,Cash
TXN101360,05/02/2025,Phone,Mobile,5,,189739.9,CUST1199,Mombasa,Mobile Money
TXN102610,2025-06-10,Tablet,Mobile,2,88962.06,177924.12,CUST1194,Nairobi,Cash
TXN102332,2025-06-05,  Laptop ,Computers,3,,251247.81,CUST1227,Nakuru,Mobile Money
TXN101492,2025-05-25,  Keyboard ,Accessories,3,63190.77,189572.31,CUST1282,Kisumu,Card
TXN102279,2025-11-20,Headphones,Accessories,4,89083.71,356334.84,CUST1076,Nakuru,Cash
TXN102293,2025-01-10,Phone,Mobile,4,50915.17,203660.68,CUST1160,Eldoret,Card
TXN102009,16/01/2025,Headphones,Accessories,2,26721.88,53443.76,CUST1105,,Bank Transfer
TXN100205,2025-06-09,  Monitor ,Computers,3,14588.13,43764.39,CUST1369,Kisumu,Card
TXN101027,2025-06-01,Tablet,Mobile,3,,144052.11,CUST1218,Kisumu,Mobile Money
TXN102816,2025-06-25,Keyboard,Accessories,1,40460.94,40460.94,CUST1338,Eldoret,Bank Transfer
TXN102160,2025-05-01,Headphones,Accessories,4,33635.45,134541.8,CUST1163,Eldoret,Cash
TXN101046,15/10/2025,Headphones,Accessories,3,17012.44,51037.32,CUST1362,Nairobi,CASH
TXN100693,2025-05-21,  Tablet ,Mobile,5,57204.24,286021.2,CUST1379,Kisumu,Mobile Money
TXN102455,10/04/2025,Monitor,Computers,1,32047.18,32047.18,CUST1158,Eldoret,Mobile Money
TXN102419,17/08/2025,Keyboard,Accessories,5,76538.26,382691.3,CUST1109,Mombasa,Card
TXN101186,04/11/2025,Monitor,Computers,4,24528.91,98115.64,CUST1216,Nairobi,Bank Transfer
TXN101369,2025-04-22,Tablet,Mobile,1,62974.94,62974.94,CUST1252,Nakuru,Card
TXN101907,2025-09-25,Keyboard,Accessories,1,11840.02,11840.02,CUST1300,Nakuru,Cash
TXN100016,2025-10-03,Phone,Mobile,2,67176.51,134353.02,CUST1134,Eldoret,Bank Transfer
TXN102181,2025-09-13,  Phone ,Mobile,2,57465.12,114930.24,CUST1093,Eldoret,Mobile Money
TXN101676,2025-12-10,Tablet,Mobile,5,85191.26,425956.3,CUST1038,Eldoret,Bank Transfer
TXN101184,2025-09-09,Headphones,Accessories,2,11293.88,22587.76,CUST1221,Kisumu,Mobile Money
TXN100656,2025-11-13,Headphones,Accessories,3,20050.85,60152.55,CUST1271,Nakuru,Card
TXN101571,2025-05-27,Tablet,Mobile,3,56415.87,169247.61,CUST1178,Nairobi,CASH
TXN101737,2025-08-25,Headphones,Accessories,5,83477.12,417385.6,CUST1279,Mombasa,BANK TRANSFER
TXN101419,2025-07-15,Keyboard,Accessories,5,59434.5,297172.5,CUST1300,,Bank Transfer
TXN100399,17/02/2025,Laptop,Computers,1,32175.33,32175.33,CUST1305,Eldoret,Cash
TXN100618,2025-12-19,Tablet,Mobile,3,46959.42,140878.26,CUST1358,Eldoret,Card
TXN100508,2025-02-17,Phone,Mobile,4,72932.23,291728.92,CUST1169,Nairobi,Card
TXN102894,2025-12-25,Monitor,Computers,3,70288.42,210865.26,CUST1011,Mombasa,Cash
TXN100867,2025-06-05,  Headphones ,Accessories,4,36124.57,144498.28,CUST1396,Kisumu,Bank Transfer
TXN100886,2025-04-18,Headphones,Accessories,5,37531.33,187656.65,CUST1356,Mombasa,Card
TXN102110,2025-08-14,Monitor,Computers,5,24021.02,120105.1,CUST1060,Kisumu,CASH
TXN100599,2025-12-01,Keyboard,Accessories,1,59746.31,59746.31,CUST1010,,CARD
TXN102209,03/03/2025,Headphones,Accessories,5,23904.18,119520.9,CUST1202,Mombasa,Card
TXN100457,01/01/2025,Tablet,Mobile,1,,63480.97,CUST1109,Nakuru,Card
TXN102783,2025-07-05,Headphones,Accessories,3,67340.98,202022.94,CUST1287,Kisumu,Bank Transfer
TXN101117,2025-02-21,Keyboard,Accessories,1,,72845.23,CUST1353,Mombasa,Cash
TXN100870,2025-01-13,Monitor,Computers,4,29449.75,117799.0,CUST1091,Nakuru,Mobile Money
TXN100790,2025-02-15,Tablet,Mobile,5,14371.78,71858.9,CUST1127,Mombasa,Bank Transfer
TXN100954,2025-07-09,  Keyboard ,Accessories,2,59494.43,118988.86,CUST1089,Kisumu,Mobile Money
TXN100650,2025-01-21,Phone,Mobile,5,11182.17,55910.85,CUST1219,Kisumu,Cash
TXN100733,15/01/2025,Monitor,Computers,4,80738.88,322955.52,CUST1246,Nairobi,Cash
TXN102914,17/06/2025,Monitor,Computers,4,37236.2,148944.8,CUST1223,Kisumu,Mobile Money
TXN100379,2025-12-04,  Keyboard ,Accessories,5,82191.26,410956.3,CUST1249,Nairobi,Card
TXN102493,2025-10-24,Headphones,Accessories,3,62051.46,186154.38,CUST1122,Nakuru,Bank Transfer
TXN100956,31/07/2025,Keyboard,Accessories,2,75466.47,150932.94,CUST1394,Nakuru,Mobile Money
TXN100171,2025-10-02,Laptop,Computers,4,1745.72,6982.88,CUST1063,,Cash
TXN101944,2025-01-05,  Headphones ,Accessories,1,56837.75,56837.75,CUST1081,Nakuru,BANK TRANSFER
TXN100659,2025-07-11,  Laptop ,Computers,5,74078.76,370393.8,CUST1263,Eldoret,BANK TRANSFER
TXN102120,2025-11-09,Tablet,Mobile,2,48903.53,97807.06,CUST1217,Mombasa,Cash
TXN101094,2025-07-22,Laptop,Computers,4,60652.55,242610.2,CUST1224,Eldoret,Card
TXN102539,2025-10-26,Laptop,Computers,2,52088.82,104177.64,CUST1040,Mombasa,Card
TXN100642,2025-08-05,Tablet,Mobile,5,26090.55,130452.75,CUST1006,Eldoret,Card
TXN100168,2025-03-09,Tablet,Mobile,4,16219.79,64879.16,CUST1276,Kisumu,Cash
TXN101517,07/12/2025,Phone,Mobile,2,85379.64,170759.28,CUST1136,Nairobi,BANK TRANSFER
TXN101800,2025-04-05,Laptop,Computers,2,18912.85,37825.7,CUST1337,Nakuru,Card
TXN102228,2025-08-24,  Monitor ,Computers,4,79584.15,318336.6,CUST1375,Nakuru,Bank Transfer
TXN101917,2025-04-08,Phone,Mobile,5,50601.57,253007.85,CUST1195,Kisumu,Mobile Money
TXN100272,2025-03-20,Monitor,Computers,5,3398.49,16992.45,CUST1347,Nakuru,CASH
TXN101215,2025-10-13,Monitor,Computers,3,21507.34,64522.02,CUST1024,,Cash
TXN101118,2025-12-08,Monitor,Computers,5,73125.42,365627.1,CUST1173,Mombasa,Cash
TXN102562,26/02/2025,Keyboard,Accessories,3,18743.67,56231.01,CUST1147,Mombasa,Cash
TXN101066,2025-05-22,Monitor,Computers,2,3045.61,6091.22,CUST1252,Nairobi,CASH
TXN102104,2025-12-04,Phone,Mobile,2,22935.03,45870.06,CUST1154,Kisumu,BANK TRANSFER
TXN102836,2025-05-07,Headphones,Accessories,4,75993.73,303974.92,CUST1128,Nakuru,Card
TXN102392,08/02/2025,Keyboard,Accessories,5,26242.68,131213.4,CUST1221,Eldoret,Card
TXN101912,2025-05-04,Headphones,Accessories,5,68520.66,342603.3,CUST1286,Nakuru,BANK TRANSFER
TXN100038,2025-09-06,Laptop,Computers,2,15384.84,30769.68,CUST1246,Mombasa,Bank Transfer
TXN100306,2025-04-12,Keyboard,Accessories,3,68069.38,204208.14,CUST1308,Eldoret,Bank Transfer
TXN100006,2025-11-06,Laptop,Computers,3,76350.75,229052.25,CUST1135,Nairobi,BANK TRANSFER
TXN100781,09/06/2025,Monitor,Computers,2,,62202.4,CUST1255,,Bank Transfer
TXN101190,2025-12-17,Headphones,Accessories,2,,177169.34,CUST1153,Mombasa,Bank Transfer
TXN100534,2025-08-13,  Laptop ,Computers,533,4809.2,4809.2,CUST1375,Nakuru,Mobile Money
TXN100583,04/04/2025,Tablet,Mobile,5,68781.18,343905.9,CUST1348,Kisumu,Card
TXN102471,30/10/2025,  Tablet ,Mobile,4,5090.15,20360.6,CUST1153,Kisumu,CARD
TXN102887,2025-04-24,Laptop,Computers,5,87105.68,435528.4,CUST1136,Eldoret,BANK TRANSFER
TXN102618,2025-03-29,Headphones,Accessories,1,,33275.85,CUST1295,Nakuru,Card
TXN102839,2025-02-16,Laptop,Computers,4,36178.13,144712.52,CUST1250,Mombasa,Bank Transfer
TXN102285,2025-09-23,Keyboard,Accessories,3,13162.26,39486.78,CUST1253,,Bank Transfer
TXN100316,06/12/2025,Keyboard,Accessories,2,50699.37,101398.74,CUST1244,Eldoret,Bank Transfer
TXN102197,03/10/2025,Monitor,Computers,2,31983.02,63966.04,CUST1026,Nakuru,Mobile Money
TXN101794,28/01/2025,Headphones,Accessories,5,45558.36,227791.8,CUST1177,,BANK TRANSFER
TXN100271,2025-02-04,Keyboard,Accessories,4,3614.51,14458.04,CUST1120,Kisumu,Cash
TXN100548,2025-12-23,Keyboard,Accessories,1,14026.2,14026.2,CUST1341,Nairobi,CARD
TXN101692,2025-06-14,  Tablet ,Mobile,4,87883.28,351533.12,CUST1395,Nakuru,MOBILE MONEY
TXN101719,30/06/2025,  Headphones ,Accessories,3,41558.19,124674.57,CUST1154,Kisumu,BANK TRANSFER
TXN102849,2025-08-12,Phone,Mobile,4,83016.25,332065.0,CUST1201,Nakuru,Mobile Money
TXN102859,2025-04-12,Tablet,Mobile,2,58498.41,116996.82,CUST1237,Eldoret,Bank Transfer
TXN100598,2025-01-20,Laptop,Computers,3,64144.35,192433.05,CUST1192,Kisumu,Card
TXN101689,14/07/2025,Tablet,Mobile,5,71350.69,356753.45,CUST1138,Mombasa,Mobile Money
TXN100894,2025-01-04,  Keyboard ,Accessories,5,29491.18,147455.9,CUST1058,Kisumu,Cash
TXN102697,2025-08-18,  Monitor ,Computers,2,5707.29,11414.58,CUST1071,Nakuru,Bank Transfer
TXN101775,2025-07-03,Headphones,Accessories,3,35443.16,106329.48,CUST1034,Mombasa,Cash
TXN100570,13/05/2025,Headphones,Accessories,2,75470.01,150940.02,CUST1383,Nairobi,Cash
TXN101999,2025-06-30,Tablet,Mobile,4,49731.3,198925.2,CUST1384,Mombasa,Bank Transfer
TXN102122,03/06/2025,Headphones,Accessories,2,65078.51,130157.02,CUST1000,Nairobi,Cash
TXN100061,2025-08-24,Monitor,Computers,2,18361.77,36723.54,CUST1179,Kisumu,Mobile Money
TXN101247,2025-03-02,Tablet,Mobile,5,77762.81,388814.05,CUST1355,Mombasa,Bank Transfer
TXN100093,29/08/2025,Monitor,Computers,3,,225673.59,CUST1009,,CARD
TXN101259,2025-09-01,Keyboard,Accessories,5,17450.93,87254.65,CUST1257,Nairobi,CARD
TXN100809,2025-09-27,Keyboard,Accessories,4,17456.71,69826.84,CUST1336,Mombasa,Mobile Money
TXN101049,2025-10-07,Headphones,Accessories,2,884.34,1768.68,CUST1259,Kisumu,Cash
TXN102525,20/09/2025,Monitor,Computers,4,,39077.84,CUST1397,,Mobile Money
TXN100107,02/11/2025,Headphones,Accessories,3,30960.33,92880.99,CUST1359,Kisumu,Card
TXN102153,2025-07-23,Tablet,Mobile,3,,144564.24,CUST1068,Nakuru,Card
TXN100673,26/06/2025,Headphones,Accessories,2,67472.54,134945.08,CUST1108,Nakuru,MOBILE MONEY
TXN100665,2025-07-28,Keyboard,Accessories,2,82033.3,164066.6,CUST1198,Nakuru,Bank Transfer
TXN100509,21/10/2025,Monitor,Computers,1,15535.03,15535.03,CUST1221,Nakuru,Bank Transfer
TXN102179,2025-01-01,Tablet,Mobile,3,9046.38,27139.14,CUST1270,,Card
TXN101640,2025-04-19,Tablet,Mobile,3,76727.62,230182.86,CUST1114,Nakuru,Bank Transfer
TXN102730,2025-08-20,Tablet,Mobile,1,25879.15,25879.15,CUST1320,Eldoret,Bank Transfer
TXN101532,2025-09-09,Monitor,Computers,2,23077.54,46155.08,CUST1186,Kisumu,Cash
TXN100866,22/09/2025,Tablet,Mobile,1,50414.24,50414.24,CUST1391,Nairobi,Mobile Money
TXN101855,2025-11-18,Keyboard,Accessories,1,85451.84,85451.84,CUST1004,Mombasa,Mobile Money
TXN101736,2025-04-13,Headphones,Accessories,2,37759.95,75519.9,CUST1154,Kisumu,Card
TXN101452,2025-03-17,Phone,Mobile,4,61358.29,245433.16,CUST1307,Kisumu,Mobile Money
TXN101060,26/09/2025,Phone,Mobile,2,27639.19,55278.38,CUST1171,Nairobi,Bank Transfer
TXN102105,2025-10-23,Tablet,Mobile,5,47032.56,235162.8,CUST1136,Mombasa,CASH
TXN102821,17/06/2025,Headphones,Accessories,1,52090.44,52090.44,CUST1068,Mombasa,Cash
TXN101973,2025-03-04,Laptop,Computers,4,25713.4,102853.6,CUST1250,Nakuru,Cash
TXN100589,01/04/2025,Laptop,Computers,4,30270.34,121081.36,CUST1160,Nairobi,Card
TXN100144,16/07/2025,Phone,Mobile,4,,199352.88,CUST1097,Eldoret,Mobile Money
TXN102698,2025-06-26,Tablet,Mobile,2,53869.92,107739.84,CUST1009,Eldoret,Card
TXN100086,2025-10-27,Phone,Mobile,4,35358.17,141432.68,CUST1356,Nairobi,Bank Transfer
TXN102987,2025-11-05,Headphones,Accessories,2,15063.33,30126.66,CUST1244,Kisumu,Card
TXN100771,2025-01-05,Headphones,Accessories,3,42493.22,127479.66,CUST1352,Nakuru,Bank Transfer
TXN102453,2025-07-17,Laptop,Computers,3,42125.5,126376.5,CUST1334,Nakuru,Card
TXN101249,29/05/2025,Laptop,Computers,1,33577.94,33577.94,CUST1020,Eldoret,Mobile Money
TXN100708,17/02/2025,Keyboard,Accessories,5,67838.29,339191.45,CUST1246,Mombasa,CARD
TXN102856,2025-12-29,Headphones,Accessories,2,60260.02,120520.04,CUST1033,,Mobile Money
TXN101860,2025-11-20,Monitor,Computers,3,55397.35,166192.05,CUST1298,Mombasa,Cash
TXN102128,2025-09-26,Tablet,Mobile,1,47095.52,47095.52,CUST1052,Eldoret,Bank Transfer
TXN102732,2025-10-04,Monitor,Computers,4,43245.33,172981.32,CUST1393,Mombasa,Card
TXN100418,2025-12-14,Monitor,Computers,3,35506.51,106519.53,CUST1301,Eldoret,Mobile Money
TXN101461,2025-04-11,Phone,Mobile,2,20023.21,40046.42,CUST1376,Nairobi,CASH
TXN101484,2025-03-15,Headphones,Accessories,4,84647.84,338591.36,CUST1274,Mombasa,Card
TXN102860,2025-07-15,Tablet,Mobile,1,73323.04,73323.04,CUST1308,Eldoret,Cash
TXN102974,31/05/2025,Monitor,Computers,4,49567.01,198268.04,CUST1283,Mombasa,BANK TRANSFER
TXN100851,01/12/2025,Monitor,Computers,5,12293.61,61468.05,CUST1070,Eldoret,Mobile Money
TXN101004,2025-04-10,Tablet,Mobile,2,25240.18,50480.36,CUST1057,Mombasa,Bank Transfer
TXN101996,2025-05-26,Monitor,Computers,1,67749.26,67749.26,CUST1284,Nakuru,Mobile Money
TXN101834,2025-03-27,Laptop,Computers,4,2641.87,10567.48,CUST1037,Mombasa,BANK TRANSFER
TXN102447,2025-01-13,Monitor,Computers,4,27306.86,109227.44,CUST1161,Nakuru,Mobile Money
TXN100436,2025-08-16,Monitor,Computers,4,,150795.68,CUST1250,Mombasa,Card
TXN101316,28/08/2025,Tablet,Mobile,4,,250731.8,CUST1307,Kisumu,Cash
TXN101623,02/06/2025,Laptop,Computers,3,36753.63,110260.89,CUST1364,,Bank Transfer
TXN101480,2025-01-23,Tablet,Mobile,1,59804.22,59804.22,CUST1121,Nairobi,MOBILE MONEY
TXN101648,06/03/2025,Monitor,Computers,2,9412.22,18824.44,CUST1258,Nairobi,Bank Transfer
TXN101003,2025-10-04,  Keyboard ,Accessories,3,77714.43,233143.29,CUST1259,Mombasa,Bank Transfer
TXN101278,2025-10-12,Monitor,Computers,1,74829.58,74829.58,CUST1143,Nakuru,Mobile Money
TXN101823,2025-04-25,Tablet,Mobile,1,85988.55,85988.55,CUST1289,Eldoret,Bank Transfer
TXN102508,2025-06-03,Keyboard,Accessories,2,40709.78,81419.56,CUST1333,Nairobi,Mobile Money
TXN102976,10/08/2025,  Laptop ,Computers,5,21450.15,107250.75,CUST1285,Eldoret,Card
TXN101836,22/06/2025,Laptop,Computers,3,80819.66,242458.98,CUST1302,Eldoret,Card
TXN102932,2025-03-07,Headphones,Accessories,5,16147.14,80735.7,CUST1063,Eldoret,Mobile Money
TXN102282,23/03/2025,Phone,Mobile,1,45010.36,45010.36,CUST1155,Eldoret,Cash
TXN101546,2025-04-23,Keyboard,Accessories,5,23665.7,118328.5,CUST1151,Kisumu,Card
TXN100335,13/03/2025,Tablet,Mobile,1,17037.92,17037.92,CUST1244,Kisumu,Mobile Money
TXN100088,23/04/2025,Keyboard,Accessories,5,,360441.0,CUST1249,Mombasa,CASH
TXN100874,17/10/2025,  Laptop ,Computers,2,82146.62,164293.24,CUST1337,Mombasa,Mobile Money
TXN102713,2025-02-22,  Keyboard ,Accessories,5,74545.39,372726.95,CUST1321,Mombasa,CASH
TXN100543,07/08/2025,Phone,Mobile,1,32794.19,32794.19,CUST1044,Kisumu,Bank Transfer
TXN101241,22/09/2025,Keyboard,Accessories,2,,19835.62,CUST1298,Mombasa,Cash
TXN101880,05/10/2025,Laptop,Computers,1,66967.35,66967.35,CUST1309,Mombasa,Card
TXN102984,10/12/2025,Monitor,Computers,3,63692.94,191078.82,CUST1382,,Bank Transfer
TXN102573,06/08/2025,Phone,Mobile,1,66069.39,66069.39,CUST1128,Kisumu,Mobile Money
TXN102269,2025-04-27,Phone,Mobile,2,76451.16,152902.32,CUST1083,Nakuru,Cash
TXN100319,2025-12-27,Phone,Mobile,3,69520.1,208560.3,CUST1106,Nakuru,Cash
TXN100519,2025-10-31,Headphones,Accessories,2,16260.98,32521.96,CUST1162,Kisumu,Card
TXN102411,07/03/2025,Laptop,Computers,5,48402.43,242012.15,CUST1049,Nakuru,Mobile Money
TXN100878,2025-09-10,Keyboard,Accessories,1,54914.56,54914.56,CUST1121,Mombasa,Bank Transfer
TXN100825,2025-09-26,Tablet,Mobile,4,5344.45,21377.8,CUST1021,,Mobile Money
TXN101290,2025-10-10,Keyboard,Accessories,5,44714.01,223570.05,CUST1099,Eldoret,Mobile Money
TXN102440,2025-03-21,Phone,Mobile,2,4826.83,9653.66,CUST1067,,Cash
TXN102630,2025-05-30,Monitor,Computers,1,74072.3,74072.3,CUST1323,Nakuru,Mobile Money
TXN100138,2025-01-28,Tablet,Mobile,5,41846.88,209234.4,CUST1096,Eldoret,Cash
TXN100163,01/06/2025,Monitor,Computers,5,32626.84,163134.2,CUST1358,Kisumu,Card
TXN101618,2025-06-25,  Monitor ,Computers,3,6270.2,18810.6,CUST1309,Nakuru,Mobile Money
TXN102920,2025-12-12,Phone,Mobile,1,1319.47,1319.47,CUST1217,Mombasa,MOBILE MONEY
TXN101791,03/12/2025,  Phone ,Mobile,5,36104.77,180523.85,CUST1062,Nairobi,Card
TXN101045,2025-06-12,Phone,Mobile,1,4183.06,4183.06,CUST1294,Mombasa,Bank Transfer
TXN100960,2025-08-11,Monitor,Computers,3,13490.91,40472.73,CUST1006,Kisumu,Bank Transfer
TXN101750,2025-11-10,Phone,Mobile,5,23794.3,118971.5,CUST1348,Nakuru,Card
TXN102654,2025-02-09,Headphones,Accessories,3,30723.67,92171.01,CUST1047,Kisumu,Card
TXN102353,2025-06-29,Keyboard,Accessories,4,20106.89,80427.56,CUST1383,Nakuru,Card
TXN101504,2025-03-31,  Tablet ,Mobile,5,81389.98,406949.9,CUST1038,Kisumu,Mobile Money
TXN102398,2025-05-28,  Headphones ,Accessories,3,84107.4,252322.2,CUST1304,Eldoret,Mobile Money
TXN101491,2025-06-06,  Phone ,Mobile,5,,328426.5,CUST1301,Nakuru,Card
TXN101059,2025-08-01,Tablet,Mobile,4,65710.19,262840.76,CUST1071,Eldoret,Card
TXN102813,2025-12-18,Phone,Mobile,2,11068.09,22136.18,CUST1358,Nakuru,Bank Transfer
TXN100655,2025-04-20,Laptop,Computers,3,20297.23,60891.69,CUST1339,Kisumu,Cash
TXN102064,2025-12-05,  Phone ,Mobile,3,51759.62,155278.86,CUST1133,Eldoret,Cash
TXN102405,2025-10-18,Monitor,Computers,4,64675.21,258700.84,CUST1235,Eldoret,Cash
TXN100137,15/06/2025,Monitor,Computers,1,28649.29,28649.29,CUST1059,Nakuru,Card
TXN102931,29/06/2025,Keyboard,Accessories,1,41777.78,41777.78,CUST1325,Mombasa,Cash
TXN101976,19/01/2025,Monitor,Computers,3,27142.66,81427.98,CUST1305,Nairobi,Cash
TXN101581,10/10/2025,Phone,Mobile,3,41704.76,125114.28,CUST1215,Mombasa,Mobile Money
TXN100697,2025-04-19,Laptop,Computers,5,58091.19,290455.95,CUST1076,Mombasa,Mobile Money
TXN101097,2025-09-13,Laptop,Computers,2,75510.77,151021.54,CUST1142,,Cash
TXN102359,18/07/2025,Laptop,Computers,5,27369.29,136846.45,CUST1191,Mombasa,CASH
TXN102703,2025-02-10,Laptop,Computers,697,49249.34,196997.36,CUST1237,Nairobi,Mobile Money
TXN101392,2025-01-07,Keyboard,Accessories,5,63564.31,317821.55,CUST1119,Nairobi,Card
TXN102908,2025-10-12,Keyboard,Accessories,5,67867.22,339336.1,CUST1202,Mombasa,Bank Transfer
TXN101266,2025-01-30,Keyboard,Accessories,3,16740.48,50221.44,CUST1152,Nakuru,Card
TXN100135,14/06/2025,  Monitor ,Computers,3,37047.15,111141.45,CUST1343,Nairobi,Mobile Money
TXN101169,2025-03-26,Keyboard,Accessories,3,39501.9,118505.7,CUST1161,Nakuru,Mobile Money
TXN102135,2025-02-12,Tablet,Mobile,3,88486.25,265458.75,CUST1006,Nairobi,Bank Transfer
TXN101503,2025-01-22,Phone,Mobile,5,61724.99,308624.95,CUST1310,Nakuru,Mobile Money
TXN101362,2025-10-28,Keyboard,Accessories,5,,422771.55,CUST1103,Eldoret,BANK TRANSFER
TXN102877,2025-07-20,  Keyboard ,Accessories,5,13964.11,69820.55,CUST1296,,Card
TXN100148,2025-12-24,Monitor,Computers,3,78329.35,234988.05,CUST1122,Eldoret,Bank Transfer
TXN100303,2025-01-27,Monitor,Computers,3,4549.19,13647.57,CUST1291,Eldoret,Mobile Money
TXN101017,2025-04-21,Monitor,Computers,5,44284.6,221423.0,CUST1302,Nakuru,Bank Transfer
TXN101924,03/03/2025,  Laptop ,Computers,4,75148.77,300595.08,CUST1028,Nakuru,Card
TXN101052,2025-04-23,Headphones,Accessories,1,36445.88,36445.88,CUST1228,Kisumu,CARD
TXN102824,2025-03-07,Tablet,Mobile,5,53860.15,269300.75,CUST1398,Eldoret,Bank Transfer
TXN102440,2025-03-21,Phone,Mobile,2,4826.83,9653.66,CUST1067,,Cash
TXN101904,2025-05-21,Tablet,Mobile,1,83545.22,83545.22,CUST1145,Nakuru,Cash
TXN102692,2025-07-12,Laptop,Computers,1,85108.24,85108.24,CUST1270,Nairobi,CASH
TXN100198,2025-12-07,  Tablet ,Mobile,1,37267.37,37267.37,CUST1384,Nakuru,Card
TXN101768,28/09/2025,Tablet,Mobile,2,39348.64,78697.28,CUST1098,Nairobi,Card
TXN102240,2025-04-20,Headphones,Accessories,2,67050.8,134101.6,CUST1157,Nairobi,Cash
TXN100404,2025-04-11,  Tablet ,Mobile,4,53645.67,214582.68,CUST1234,Nairobi,Mobile Money
TXN102749,2025-11-09,  Monitor ,Computers,5,29531.68,147658.4,CUST1164,Nakuru,Cash
TXN102557,15/03/2025,  Laptop ,Computers,3,18966.84,56900.52,CUST1075,Nairobi,CASH
TXN100483,22/02/2025,Headphones,Accessories,2,23332.89,46665.78,CUST1293,Nairobi,Mobile Money
TXN101182,2025-07-24,Keyboard,Accessories,5,34634.49,173172.45,CUST1130,Mombasa,Mobile Money
TXN101339,08/07/2025,Monitor,Computers,4,39209.26,156837.04,CUST1254,Kisumu,CASH
TXN101280,2025-12-06,Tablet,Mobile,4,24934.68,99738.72,CUST1164,Kisumu,Mobile Money
TXN101031,2025-02-28,Phone,Mobile,3,21857.63,65572.89,CUST1332,Nakuru,Mobile Money
TXN100791,2025-11-17,Laptop,Computers,5,30788.78,153943.9,CUST1030,Nairobi,Cash
TXN100799,14/11/2025,Tablet,Mobile,2,79522.45,159044.9,CUST1186,Eldoret,Mobile Money
TXN101201,2025-03-16,Laptop,Computers,2,43559.99,87119.98,CUST1332,Mombasa,Bank Transfer
TXN100422,2025-02-28,Headphones,Accessories,1,73011.64,73011.64,CUST1011,Kisumu,Card
TXN102362,2025-07-16,Headphones,Accessories,4,77575.15,310300.6,CUST1385,Eldoret,CARD
TXN102251,09/04/2025,Phone,Mobile,3,76687.13,230061.39,CUST1262,Kisumu,Card
TXN101883,2025-10-23,Laptop,Computers,3,87248.98,261746.94,CUST1241,Nakuru,Cash
TXN101193,2025-09-15,Headphones,Accessories,3,52908.33,158724.99,CUST1008,Nairobi,Bank Transfer
TXN101479,10/06/2025,Phone,Mobile,5,44394.63,221973.15,CUST1267,Kisumu,Mobile Money
TXN101928,17/05/2025,Phone,Mobile,5,13702.5,68512.5,CUST1042,Mombasa,Bank Transfer
TXN102604,2025-04-23,Monitor,Computers,2,13004.26,26008.52,CUST1357,Nairobi,Mobile Money
TXN101529,18/05/2025,Tablet,Mobile,1,27733.95,27733.95,CUST1186,Kisumu,Cash
TXN100902,02/05/2025,Headphones,Accessories,4,8268.4,33073.6,CUST1190,Nakuru,Cash
TXN100685,04/10/2025,  Laptop ,Computers,5,,119125.8,CUST1241,Mombasa,Cash
TXN101551,2025-01-30,Keyboard,Accessories,3,29554.85,88664.55,CUST1320,Nairobi,Cash
TXN100159,25/08/2025,Monitor,Computers,5,13309.04,66545.2,CUST1326,Kisumu,Bank Transfer
TXN100999,16/04/2025,  Monitor ,Computers,4,62466.07,249864.28,CUST1073,Kisumu,Bank Transfer
TXN102530,2025-08-26,Tablet,Mobile,1,87277.74,87277.74,CUST1043,Mombasa,Card
TXN102916,2025-06-07,  Keyboard ,Accessories,1,51623.31,51623.31,CUST1393,Kisumu,Mobile Money
TXN102250,11/09/2025,Tablet,Mobile,1,32246.71,32246.71,CUST1008,Eldoret,BANK TRANSFER
TXN100112,09/05/2025,Headphones,Accessories,4,24747.02,98988.08,CUST1118,Nairobi,Mobile Money
TXN102943,19/06/2025,  Headphones ,Accessories,5,80494.58,402472.9,CUST1117,Kisumu,Card
TXN101446,15/07/2025,Tablet,Mobile,3,34242.42,102727.26,CUST1334,Eldoret,Bank Transfer
TXN101952,2025-01-28,Phone,Mobile,3,71076.96,213230.88,CUST1046,Kisumu,Mobile Money
TXN100922,2025-11-29,Monitor,Computers,1,29665.34,29665.34,CUST1036,Kisumu,Bank Transfer
TXN101624,2025-05-13,Keyboard,Accessories,2,60433.17,120866.34,CUST1094,Nairobi,CARD
TXN102668,2025-10-25,Keyboard,Accessories,3,89390.55,268171.65,CUST1362,Nairobi,Cash
TXN101319,2025-06-19,Keyboard,Accessories,2,21892.2,43784.4,CUST1378,Nakuru,Mobile Money
TXN101663,2025-04-23,Phone,Mobile,1,29814.81,29814.81,CUST1042,Mombasa,Cash
TXN100815,2025-08-20,Keyboard,Accessories,3,32720.76,98162.28,CUST1229,Nakuru,Card
TXN102266,2025-04-06,  Phone ,Mobile,4,54688.48,218753.92,CUST1240,Kisumu,Card
TXN101473,30/11/2025,  Keyboard ,Accessories,5,48738.87,243694.35,CUST1063,Mombasa,CARD
TXN101773,22/09/2025,Laptop,Computers,5,7493.87,37469.35,CUST1152,Nairobi,Card
TXN100679,2025-03-20,Keyboard,Accessories,3,62564.5,187693.5,CUST1289,Eldoret,Cash
TXN102644,2025-09-14,  Headphones ,Accessories,4,9030.05,36120.2,CUST1208,Eldoret,Card
TXN101093,2025-02-05,Headphones,Accessories,4,17396.26,69585.04,CUST1243,Kisumu,Mobile Money
TXN100080,01/11/2025,Tablet,Mobile,5,,444581.85,CUST1162,Nakuru,Bank Transfer
TXN101950,15/01/2025,Headphones,Accessories,5,36367.14,181835.7,CUST1083,Eldoret,Mobile Money
TXN102543,2025-01-27,Tablet,Mobile,3,24579.81,73739.43,CUST1070,Nairobi,Card
TXN101239,2025-08-21,Headphones,Accessories,5,66448.85,332244.25,CUST1173,Mombasa,Mobile Money
TXN100329,2025-04-06,Laptop,Computers,4,71022.48,284089.92,CUST1383,Kisumu,Card
TXN100242,2025-09-15,Monitor,Computers,3,70142.1,210426.3,CUST1270,Nakuru,MOBILE MONEY
TXN100641,2025-10-15,Tablet,Mobile,1,68589.36,68589.36,CUST1245,,Bank Transfer
TXN100696,2025-03-13,Keyboard,Accessories,1,45414.41,45414.41,CUST1225,Mombasa,Mobile Money
TXN102257,06/08/2025,Headphones,Accessories,5,76899.59,384497.95,CUST1208,Kisumu,MOBILE MONEY
TXN100753,2025-11-19,Phone,Mobile,3,43150.28,129450.84,CUST1049,Nakuru,Cash
TXN100435,2025-04-10,Headphones,Accessories,1,43872.5,43872.5,CUST1196,Eldoret,BANK TRANSFER
TXN101563,2025-08-16,  Phone ,Mobile,4,68490.62,273962.48,CUST1083,Kisumu,Cash
TXN101934,2025-03-09,  Headphones ,Accessories,2,67393.05,134786.1,CUST1158,Nairobi,Bank Transfer
TXN102854,2025-12-02,Headphones,Accessories,1,2258.48,2258.48,CUST1134,Eldoret,MOBILE MONEY
TXN101712,19/12/2025,Tablet,Mobile,3,76804.47,230413.41,CUST1122,Mombasa,Cash
TXN100551,2025-02-10,Keyboard,Accessories,2,43125.47,86250.94,CUST1202,Nairobi,Mobile Money
TXN102693,2025-02-07,Laptop,Computers,3,56872.65,170617.95,CUST1377,Kisumu,Card
TXN100601,2025-12-05,Phone,Mobile,1,27449.92,27449.92,CUST1051,Eldoret,Cash
TXN101964,2025-09-04,  Headphones ,Accessories,3,35119.99,105359.97,CUST1017,Kisumu,Bank Transfer
TXN101013,2025-04-14,Tablet,Mobile,3,87812.25,263436.75,CUST1171,Mombasa,Card
TXN102546,29/11/2025,Laptop,Computers,3,,46709.97,CUST1291,Nairobi,CARD
TXN101427,2025-05-22,  Headphones ,Accessories,1,34306.7,34306.7,CUST1032,Kisumu,Card
TXN102012,2025-01-17,Tablet,Mobile,1,,1116.06,CUST1349,Nakuru,Bank Transfer
TXN101386,23/05/2025,Phone,Mobile,1,59387.57,59387.57,CUST1332,Eldoret,CASH
TXN101295,2025-04-25,  Headphones ,Accessories,5,68432.44,342162.2,CUST1024,,Bank Transfer
TXN100466,08/11/2025,Phone,Mobile,5,54289.42,271447.1,CUST1145,,CASH
TXN101499,21/11/2025,Monitor,Computers,3,76149.48,228448.44,CUST1040,Nairobi,Mobile Money
TXN102659,2025-07-23,Keyboard,Accessories,2,32838.33,65676.66,CUST1311,Nairobi,Card
TXN101507,2025-05-16,Headphones,Accessories,3,43739.66,131218.98,CUST1109,Nairobi,Bank Transfer
TXN100277,2025-08-20,Laptop,Computers,2,76827.95,153655.9,CUST1088,Nakuru,CARD
TXN101069,2025-12-21,Phone,Mobile,3,41763.44,125290.32,CUST1069,Kisumu,Mobile Money
TXN101548,27/01/2025,Headphones,Accessories,2,24703.92,49407.84,CUST1328,Mombasa,Mobile Money
TXN101024,2025-08-24,  Tablet ,Mobile,3,14981.35,44944.05,CUST1292,Eldoret,Card
TXN101465,2025-09-08,Laptop,Computers,1,22056.56,22056.56,CUST1154,Eldoret,Mobile Money
TXN100940,01/08/2025,Laptop,Computers,2,57980.74,115961.48,CUST1233,Eldoret,Bank Transfer
TXN101466,2025-12-10,Tablet,Mobile,4,69938.56,279754.24,CUST1337,Nairobi,Bank Transfer
TXN101323,2025-05-15,Phone,Mobile,3,16086.12,48258.36,CUST1368,Mombasa,Cash
TXN101399,2025-11-19,Keyboard,Accessories,3,16927.32,50781.96,CUST1003,Nairobi,Bank Transfer
TXN102574,05/11/2025,Tablet,Mobile,4,60450.35,241801.4,CUST1289,Eldoret,CASH
TXN101449,2025-01-01,  Headphones ,Accessories,4,52134.06,208536.24,CUST1159,Nairobi,Mobile Money
TXN100906,09/03/2025,Laptop,Computers,5,61066.2,305331.0,CUST1105,Nairobi,BANK TRANSFER
TXN102766,2025-11-11,Phone,Mobile,5,12036.27,60181.35,CUST1060,Nairobi,Bank Transfer
TXN101895,2025-08-13,Keyboard,Accessories,1,15374.63,15374.63,CUST1058,Nairobi,BANK TRANSFER
TXN100388,2025-05-24,Laptop,Computers,1,61756.37,61756.37,CUST1278,,Card
TXN102070,2025-06-17,Laptop,Computers,5,78640.74,393203.7,CUST1275,Nakuru,Cash
TXN102445,27/03/2025,Headphones,Accessories,5,84349.87,421749.35,CUST1257,Nakuru,MOBILE MONEY
TXN102172,2025-03-24,Keyboard,Accessories,1,47914.59,47914.59,CUST1375,Mombasa,Mobile Money
TXN100880,2025-10-13,Keyboard,Accessories,3,55969.06,167907.18,CUST1106,Nairobi,Mobile Money
TXN102826,2025-10-09,Phone,Mobile,4,84197.61,336790.44,CUST1167,Eldoret,Cash
TXN100050,2025-12-06,Tablet,Mobile,5,27294.4,136472.0,CUST1053,Mombasa,Cash
TXN101887,2025-09-02,Monitor,Computers,2,40514.13,81028.26,CUST1288,Nairobi,Cash
TXN101702,13/02/2025,Headphones,Accessories,1,83460.03,83460.03,CUST1181,Nakuru,Mobile Money
TXN100133,31/03/2025,Tablet,Mobile,3,52074.11,156222.33,CUST1240,,Bank Transfer
TXN101105,2025-06-11,Monitor,Computers,1,34834.87,34834.87,CUST1192,Nakuru,Bank Transfer
TXN100703,2025-04-21,Tablet,Mobile,3,85279.22,255837.66,CUST1229,Eldoret,Bank Transfer
TXN100482,29/01/2025,Monitor,Computers,4,46214.98,184859.92,CUST1255,Eldoret,Mobile Money
TXN101145,26/11/2025,Monitor,Computers,3,79212.32,237636.96,CUST1208,Nairobi,Cash
TXN102038,2025-01-27,Monitor,Computers,1,48555.56,48555.56,CUST1163,Nairobi,Mobile Money
TXN102807,2025-03-25,Laptop,Computers,3,75248.98,225746.94,CUST1107,Eldoret,Card
TXN100066,2025-10-23,Keyboard,Accessories,5,10850.3,54251.5,CUST1097,,Card
TXN102313,2025-07-22,Keyboard,Accessories,4,57942.77,231771.08,CUST1355,Mombasa,Card
TXN102726,07/10/2025,Keyboard,Accessories,5,48996.26,244981.3,CUST1008,Mombasa,Mobile Money
TXN100907,2025-06-09,  Monitor ,Computers,5,10867.32,54336.6,CUST1022,Eldoret,Card
TXN100031,2025-05-23,Headphones,Accessories,1,46516.97,46516.97,CUST1342,Nakuru,Mobile Money
TXN102929,2025-03-26,Laptop,Computers,2,65874.99,131749.98,CUST1027,Mombasa,Cash
TXN100010,06/07/2025,Headphones,Accessories,4,57393.76,229575.04,CUST1083,Kisumu,Cash
TXN100064,2025-05-14,  Laptop ,Computers,1,78994.94,78994.94,CUST1091,Eldoret,Cash
TXN100776,2025-07-31,Tablet,Mobile,5,72888.37,364441.85,CUST1096,Nairobi,Mobile Money
TXN100077,2025-05-05,  Tablet ,Mobile,4,44746.76,178987.04,CUST1075,Nairobi,Card
TXN100491,2025-05-06,Tablet,Mobile,5,68563.16,342815.8,CUST1077,Nairobi,Bank Transfer
TXN102706,2025-06-26,Monitor,Computers,4,49377.09,197508.36,CUST1192,Nairobi,Mobile Money
TXN102113,14/01/2025,Laptop,Computers,3,,116019.15,CUST1278,,Card
TXN101576,2025-11-22,Monitor,Computers,4,54356.01,217424.04,CUST1170,Mombasa,Mobile Money
TXN102344,04/10/2025,Tablet,Mobile,3,65494.77,196484.31,CUST1074,Kisumu,Cash
TXN100591,21/11/2025,Laptop,Computers,2,55495.94,110991.88,CUST1219,,Bank Transfer
TXN101285,2025-12-23,Monitor,Computers,2,75603.55,151207.1,CUST1004,Nairobi,Bank Transfer
TXN101190,2025-12-17,Headphones,Accessories,2,,177169.34,CUST1153,Mombasa,Bank Transfer
TXN100724,2025-09-23,  Laptop ,Computers,2,76625.8,153251.6,CUST1146,Mombasa,Card
TXN102653,2025-03-17,Phone,Mobile,5,54375.83,271879.15,CUST1037,Mombasa,Bank Transfer
TXN101212,2025-07-19,Phone,Mobile,3,65208.05,195624.15,CUST1213,,Bank Transfer
TXN102299,2025-11-02,  Tablet ,Mobile,2,86216.45,172432.9,CUST1309,Nairobi,Cash
TXN102663,2025-03-15,Monitor,Computers,5,,290757.55,CUST1318,Mombasa,Cash
TXN101637,26/12/2025,Tablet,Mobile,4,57252.6,229010.4,CUST1317,Nairobi,Card
TXN102949,2025-10-02,Tablet,Mobile,5,11538.29,57691.45,CUST1233,Eldoret,Cash
TXN100875,27/01/2025,  Phone ,Mobile,2,69339.53,138679.06,CUST1214,Kisumu,Cash
TXN100982,2025-07-16,Phone,Mobile,5,4020.14,20100.7,CUST1338,Mombasa,CASH
TXN100706,2025-02-25,  Phone ,Mobile,4,34998.84,139995.36,CUST1008,Mombasa,Bank Transfer
TXN101687,2025-10-03,Phone,Mobile,3,73545.21,220635.63,CUST1002,Nairobi,Cash
TXN102704,25/03/2025,Phone,Mobile,1,7534.22,7534.22,CUST1000,Nakuru,Card
TXN100273,2025-10-21,Headphones,Accessories,4,68796.06,275184.24,CUST1070,Eldoret,Cash
TXN101709,2025-12-21,Monitor,Computers,1,20180.0,20180.0,CUST1137,Nakuru,Mobile Money
TXN102829,29/04/2025,Headphones,Accessories,5,14994.87,74974.35,CUST1285,Nakuru,Cash
TXN100963,20/07/2025,Laptop,Computers,3,59063.72,177191.16,CUST1236,Mombasa,Mobile Money
TXN102595,2025-11-01,Monitor,Computers,2,74675.41,149350.82,CUST1272,Eldoret,Mobile Money
TXN102948,25/11/2025,Monitor,Computers,5,10090.21,50451.05,CUST1351,Kisumu,Mobile Money
TXN100855,2025-11-23,Monitor,Computers,4,27649.66,110598.64,CUST1378,Kisumu,Mobile Money
TXN102459,22/09/2025,Headphones,Accessories,3,5057.01,15171.03,CUST1299,Nairobi,Bank Transfer
TXN102748,2025-01-14,Keyboard,Accessories,4,,134184.84,CUST1330,Nakuru,Cash
TXN102639,2025-12-29,Keyboard,Accessories,3,53047.38,159142.14,CUST1062,Nakuru,Mobile Money
TXN101452,2025-03-17,Phone,Mobile,4,61358.29,245433.16,CUST1307,Kisumu,Mobile Money
TXN100149,2025-08-31,  Phone ,Mobile,4,4406.43,17625.72,CUST1361,Nakuru,Bank Transfer
TXN101757,2025-09-15,  Laptop ,Computers,2,32518.42,65036.84,CUST1107,Kisumu,Bank Transfer
TXN100218,2025-04-10,  Keyboard ,Accessories,1,47989.13,47989.13,CUST1397,Kisumu,Cash
TXN100239,06/07/2025,Tablet,Mobile,4,4410.47,17641.88,CUST1346,Mombasa,Bank Transfer
TXN101131,2025-05-13,Phone,Mobile,3,12710.54,38131.62,CUST1142,Eldoret,MOBILE MONEY
TXN102794,2025-09-10,Tablet,Mobile,4,66471.79,265887.16,CUST1112,Mombasa,Bank Transfer
TXN102239,28/01/2025,Laptop,Computers,1,1275.85,1275.85,CUST1169,Nairobi,Cash
TXN102381,2025-12-03,Keyboard,Accessories,3,43270.24,129810.72,CUST1094,Eldoret,Bank Transfer
TXN101253,2025-10-21,Laptop,Computers,1,37872.98,37872.98,CUST1158,Eldoret,Bank Transfer
TXN101053,2025-04-10,Headphones,Accessories,1,54929.53,54929.53,CUST1298,Eldoret,Mobile Money
TXN101668,15/11/2025,Keyboard,Accessories,3,73522.35,220567.05,CUST1055,Eldoret,BANK TRANSFER
TXN100362,29/12/2025,  Phone ,Mobile,2,27415.91,54831.82,CUST1073,Nakuru,Card
TXN100216,2025-10-29,Monitor,Computers,1,22276.82,22276.82,CUST1205,Eldoret,Card
TXN101357,2025-07-17,Phone,Mobile,2,6719.45,13438.9,CUST1145,Mombasa,Mobile Money
TXN100775,2025-11-10,Tablet,Mobile,2,46736.6,93473.2,CUST1355,Kisumu,Cash
TXN102725,16/12/2025,  Keyboard ,Accessories,5,48316.23,241581.15,CUST1137,Mombasa,Bank Transfer
TXN100839,2025-03-14,Keyboard,Accessories,4,56262.26,225049.04,CUST1355,Nairobi,Bank Transfer
TXN100627,2025-06-19,Laptop,Computers,2,76066.41,152132.82,CUST1286,Eldoret,Bank Transfer
TXN100323,2025-05-19,Phone,Mobile,2,74601.68,149203.36,CUST1287,Kisumu,MOBILE MONEY
TXN102806,2025-10-21,  Tablet ,Mobile,1,73413.21,73413.21,CUST1164,,Bank Transfer
TXN101871,2025-11-06,  Keyboard ,Accessories,5,30006.73,150033.65,CUST1276,Nairobi,Card
TXN101867,2025-07-29,Keyboard,Accessories,2,80138.05,160276.1,CUST1031,Eldoret,CASH
TXN101160,2025-05-08,Headphones,Accessories,2,55782.38,111564.76,CUST1189,Eldoret,Bank Transfer
TXN101076,01/03/2025,Monitor,Computers,4,82484.79,329939.16,CUST1067,Nairobi,Bank Transfer
TXN100437,2025-04-23,Keyboard,Accessories,1,71731.34,71731.34,CUST1149,Nairobi,Cash
TXN100119,07/02/2025,  Laptop ,Computers,1,36363.32,36363.32,CUST1295,Nairobi,Mobile Money
TXN102733,2025-02-09,Keyboard,Accessories,4,25103.55,100414.2,CUST1314,Nairobi,Bank Transfer
TXN102554,2025-01-21,Tablet,Mobile,2,12354.15,24708.3,CUST1118,Mombasa,Card
TXN102739,2025-01-16,  Tablet ,Mobile,4,51442.82,205771.28,CUST1344,Nairobi,Mobile Money
TXN101814,2025-04-27,Keyboard,Accessories,3,,12765.09,CUST1031,Kisumu,Cash
TXN101839,2025-09-18,Tablet,Mobile,5,,412563.0,CUST1042,Mombasa,Card
TXN101026,2025-01-01,Tablet,Mobile,4,63499.23,253996.92,CUST1321,Nairobi,Bank Transfer
TXN100076,07/02/2025,Phone,Mobile,4,55209.02,220836.08,CUST1233,Nakuru,Mobile Money
TXN100900,17/11/2025,Laptop,Computers,3,,265601.64,CUST1273,Mombasa,Bank Transfer
TXN100371,2025-07-31,Headphones,Accessories,2,33678.09,67356.18,CUST1023,,Mobile Money
TXN101204,2025-10-27,Monitor,Computers,1,77451.78,77451.78,CUST1124,Mombasa,Cash
TXN102633,29/08/2025,Tablet,Mobile,1,60345.46,60345.46,CUST1193,Kisumu,Bank Transfer
TXN100941,06/08/2025,Keyboard,Accessories,2,41168.3,82336.6,CUST1282,Nakuru,Bank Transfer
TXN100552,27/03/2025,Laptop,Computers,4,15972.67,63890.68,CUST1108,Mombasa,Mobile Money
TXN100406,30/11/2025,Monitor,Computers,3,39040.15,117120.45,CUST1304,Mombasa,Cash
TXN102117,2025-03-19,Tablet,Mobile,3,47538.93,142616.79,CUST1288,Eldoret,Card
TXN101613,15/05/2025,Tablet,Mobile,4,45781.85,183127.4,CUST1349,Nairobi,Card
TXN100968,2025-11-06,Tablet,Mobile,1,8231.58,8231.58,CUST1066,Nakuru,Mobile Money
TXN102721,2025-03-23,Tablet,Mobile,3,29846.21,89538.63,CUST1044,Nakuru,Cash
TXN102349,2025-10-21,Keyboard,Accessories,2,76673.26,153346.52,CUST1071,Mombasa,Bank Transfer
TXN101746,2025-06-09,Phone,Mobile,2,,54859.7,CUST1368,Nairobi,Bank Transfer
TXN100689,2025-10-17,Monitor,Computers,2,16533.49,33066.98,CUST1337,Mombasa,Bank Transfer
TXN101738,2025-08-15,Monitor,Computers,1,12905.58,12905.58,CUST1355,Kisumu,CASH
TXN100236,2025-06-01,Phone,Mobile,2,14367.59,28735.18,CUST1051,Eldoret,Card
TXN102966,2025-10-29,Headphones,Accessories,3,37075.79,111227.37,CUST1161,Nairobi,Card
TXN101986,2025-07-28,Phone,Mobile,3,24904.81,74714.43,CUST1106,Nairobi,Bank Transfer
TXN101983,2025-06-05,Laptop,Computers,2,51595.11,103190.22,CUST1315,Eldoret,Mobile Money
TXN100499,14/04/2025,Monitor,Computers,3,21408.2,64224.6,CUST1069,Eldoret,Card
TXN100822,2025-02-18,Tablet,Mobile,5,73846.62,369233.1,CUST1304,Kisumu,Card
TXN100794,2025-03-10,Tablet,Mobile,4,,130223.96,CUST1128,Nairobi,Bank Transfer
TXN100990,2025-11-29,Keyboard,Accessories,1,22220.09,22220.09,CUST1066,Nairobi,Mobile Money
TXN100567,26/01/2025,Laptop,Computers,2,,6919.72,CUST1184,Mombasa,Cash
TXN102435,29/08/2025,  Keyboard ,Accessories,2,26297.75,52595.5,CUST1216,Mombasa,MOBILE MONEY
TXN100390,2025-05-04,Laptop,Computers,3,15039.3,45117.9,CUST1290,Nakuru,Cash
TXN100743,27/06/2025,  Monitor ,Computers,5,3414.36,17071.8,CUST1201,Mombasa,Bank Transfer
TXN102400,2025-07-30,  Phone ,Mobile,3,46831.62,140494.86,CUST1142,Kisumu,Bank Transfer
TXN101217,27/04/2025,  Headphones ,Accessories,4,10700.25,42801.0,CUST1061,Eldoret,Mobile Money
TXN100235,2025-04-20,Laptop,Computers,3,28143.51,84430.53,CUST1174,Nakuru,Mobile Money
TXN102861,2025-02-20,Laptop,Computers,4,81772.78,327091.12,CUST1076,Mombasa,BANK TRANSFER
TXN100480,2025-03-02,Tablet,Mobile,3,66097.76,198293.28,CUST1394,Nairobi,Cash
TXN102042,04/11/2025,Laptop,Computers,3,68033.14,204099.42,CUST1138,Nakuru,MOBILE MONEY
TXN101677,2025-06-13,Tablet,Mobile,4,28941.6,115766.4,CUST1101,Mombasa,Card
TXN102841,2025-02-25,Laptop,Computers,2,53550.89,107101.78,CUST1175,Nairobi,Bank Transfer
TXN102996,2025-05-04,Phone,Mobile,3,64678.37,194035.11,CUST1046,Mombasa,Bank Transfer
TXN102680,2025-09-24,  Tablet ,Mobile,2,80917.71,161835.42,CUST1070,Eldoret,Card
TXN102743,2025-04-10,Monitor,Computers,2,78033.15,156066.3,CUST1279,Eldoret,Card
TXN100120,2025-02-13,Phone,Mobile,5,85446.74,427233.7,CUST1127,Nairobi,Bank Transfer
TXN102878,2025-04-28,Headphones,Accessories,1,53201.33,53201.33,CUST1365,Nairobi,CASH
TXN101272,2025-07-28,Keyboard,Accessories,2,,55525.7,CUST1228,Nairobi,Mobile Money
TXN100926,2025-12-31,Tablet,Mobile,1,66673.35,66673.35,CUST1293,Nakuru,Card
TXN102563,08/01/2025,Headphones,Accessories,2,38640.63,77281.26,CUST1242,Eldoret,Card
TXN101594,2025-11-28,Phone,Mobile,753,72398.86,72398.86,CUST1217,Mombasa,CASH
TXN100223,2025-09-17,  Headphones ,Accessories,5,5527.4,27637.0,CUST1037,Kisumu,Bank Transfer
TXN100766,16/06/2025,  Laptop ,Computers,1,59887.65,59887.65,CUST1243,,Cash
TXN100613,2025-11-29,  Tablet ,Mobile,4,72090.97,288363.88,CUST1085,Nairobi,Mobile Money
TXN101245,14/08/2025,Keyboard,Accessories,4,57463.27,229853.08,CUST1352,Nakuru,Bank Transfer
TXN101540,2025-03-02,Headphones,Accessories,4,56872.89,227491.56,CUST1223,Nairobi,Bank Transfer
TXN100052,21/11/2025,  Tablet ,Mobile,3,,56165.88,CUST1135,Eldoret,Bank Transfer
TXN100529,2025-10-21,Phone,Mobile,1,85416.54,85416.54,CUST1200,Eldoret,Card
TXN102533,2025-10-02,Tablet,Mobile,3,22520.36,67561.08,CUST1217,Kisumu,Card
TXN101899,2025-05-09,Keyboard,Accessories,3,46984.49,140953.47,CUST1241,Nakuru,MOBILE MONEY
TXN102357,2025-03-03,  Laptop ,Computers,1,3283.22,3283.22,CUST1106,Mombasa,CARD
TXN100818,19/09/2025,Tablet,Mobile,3,82760.53,248281.59,CUST1284,Eldoret,Mobile Money
TXN100155,2025-02-16,  Tablet ,Mobile,3,89769.62,269308.86,CUST1222,Nairobi,Card
TXN102985,2025-02-08,  Headphones ,Accessories,4,54390.02,217560.08,CUST1049,Eldoret,Mobile Money
TXN100248,29/11/2025,Headphones,Accessories,1,75606.28,75606.28,CUST1171,Mombasa,Mobile Money
TXN100761,12/01/2025,Monitor,Computers,2,,33915.62,CUST1064,Mombasa,Cash
TXN101894,2025-07-12,Laptop,Computers,4,63083.37,252333.48,CUST1065,Nairobi,Mobile Money
TXN102029,2025-02-03,Monitor,Computers,1,60352.66,60352.66,CUST1175,Mombasa,Cash
TXN101130,2025-08-12,Monitor,Computers,4,50604.34,202417.36,CUST1216,Nairobi,Mobile Money
TXN100542,2025-02-19,Tablet,Mobile,3,27117.36,81352.08,CUST1025,Nakuru,Bank Transfer
TXN100793,2025-06-27,Headphones,Accessories,5,71076.28,355381.4,CUST1224,Mombasa,Card
TXN101725,24/09/2025,Headphones,Accessories,2,,8356.9,CUST1359,Kisumu,Card
TXN100628,2025-02-28,Tablet,Mobile,3,64574.26,193722.78,CUST1049,Mombasa,Card
TXN102198,2025-01-23,  Keyboard ,Accessories,3,61461.44,184384.32,CUST1109,Nairobi,Bank Transfer
TXN102805,2025-05-23,Laptop,Computers,1,18578.57,18578.57,CUST1154,Mombasa,Bank Transfer
TXN102339,2025-01-07,Monitor,Computers,4,16164.55,64658.2,CUST1295,Nairobi,Card
TXN102429,2025-05-14,Phone,Mobile,3,33310.23,99930.69,CUST1245,Mombasa,Mobile Money
TXN102954,2025-03-09,Tablet,Mobile,3,16165.14,48495.42,CUST1104,Eldoret,Mobile Money
TXN101367,04/12/2025,Keyboard,Accessories,4,41475.62,165902.48,CUST1093,Eldoret,Card
TXN101620,13/06/2025,Monitor,Computers,2,57799.37,115598.74,CUST1290,Nairobi,Bank Transfer
TXN102889,27/09/2025,Monitor,Computers,4,14044.81,56179.24,CUST1227,Eldoret,Card
TXN101071,09/02/2025,Headphones,Accessories,5,57685.71,288428.55,CUST1263,Mombasa,MOBILE MONEY
TXN100554,04/02/2025,  Keyboard ,Accessories,3,29117.58,87352.74,CUST1044,Nakuru,Bank Transfer
TXN101828,09/02/2025,Laptop,Computers,3,50660.91,151982.73,CUST1185,Nakuru,Mobile Money
TXN100826,2025-03-20,Headphones,Accessories,5,62950.29,314751.45,CUST1025,Nakuru,Bank Transfer
TXN102367,2025-07-30,Keyboard,Accessories,4,19881.7,79526.8,CUST1048,Nairobi,Mobile Money
TXN101984,2025-08-31,  Tablet ,Mobile,1,33994.16,33994.16,CUST1110,Nakuru,Cash
TXN101837,01/07/2025,  Tablet ,Mobile,1,7100.85,7100.85,CUST1229,Nakuru,BANK TRANSFER
TXN100535,2025-06-29,  Monitor ,Computers,4,,317673.88,CUST1279,Nakuru,Card
TXN102773,2025-09-09,Keyboard,Accessories,5,89561.49,447807.45,CUST1073,Nakuru,Mobile Money
TXN100154,2025-01-19,Tablet,Mobile,4,78578.28,314313.12,CUST1316,Nairobi,Mobile Money
TXN102678,2025-04-21,Laptop,Computers,4,,64261.44,CUST1158,Eldoret,Mobile Money
TXN102919,2025-07-23,Headphones,Accessories,3,5350.22,16050.66,CUST1323,Kisumu,Cash
TXN100322,2025-08-15,Tablet,Mobile,1,,31499.53,CUST1335,Kisumu,BANK TRANSFER
TXN101710,2025-05-28,Phone,Mobile,2,,63226.32,CUST1361,Eldoret,Cash
TXN100014,18/10/2025,Monitor,Computers,3,,19271.64,CUST1367,Kisumu,Mobile Money
TXN101798,2025-07-16,  Laptop ,Computers,3,,76134.24,CUST1153,Nairobi,Card
TXN102922,2025-03-10,Monitor,Computers,4,28300.16,113200.64,CUST1391,Kisumu,Card
TXN100082,2025-09-24,Tablet,Mobile,3,69040.32,207120.96,CUST1248,Mombasa,CASH
TXN102560,2025-05-21,Phone,Mobile,2,44347.24,88694.48,CUST1223,Nairobi,Cash
TXN101943,2025-10-16,Monitor,Computers,5,29407.69,147038.45,CUST1193,Eldoret,Card
TXN101988,2025-06-16,Phone,Mobile,743,2117.53,4235.06,CUST1113,Nairobi,Cash
TXN101383,08/04/2025,Headphones,Accessories,3,50803.84,152411.52,CUST1319,Mombasa,Bank Transfer
TXN101574,2025-05-23,Laptop,Computers,5,38757.06,193785.3,CUST1074,Nairobi,Cash
TXN102058,2025-05-21,Phone,Mobile,5,45513.44,227567.2,CUST1054,Nairobi,Mobile Money
TXN102479,2025-10-31,Headphones,Accessories,2,54019.4,108038.8,CUST1192,Nairobi,Card
TXN101494,2025-01-05,Monitor,Computers,5,11917.71,59588.55,CUST1351,Eldoret,Mobile Money
TXN100831,2025-09-26,Keyboard,Accessories,5,89738.55,448692.75,CUST1126,Mombasa,Card
TXN102080,2025-04-28,Laptop,Computers,3,78414.77,235244.31,CUST1336,Mombasa,Mobile Money
TXN101174,2025-03-28,Phone,Mobile,3,16668.62,50005.86,CUST1383,Eldoret,Cash
TXN100413,2025-09-03,Laptop,Computers,4,89167.7,356670.8,CUST1298,Nakuru,Bank Transfer
TXN102628,03/08/2025,Headphones,Accessories,2,2353.49,4706.98,CUST1387,Mombasa,Cash
TXN101817,15/12/2025,Phone,Mobile,3,,154643.25,CUST1212,,Bank Transfer
TXN100165,2025-06-30,Headphones,Accessories,2,54832.32,109664.64,CUST1112,Mombasa,Cash
TXN102676,2025-01-29,Monitor,Computers,5,50606.46,253032.3,CUST1208,Eldoret,Card
TXN101022,07/01/2025,  Phone ,Mobile,1,50484.58,50484.58,CUST1354,,Mobile Money
TXN100614,2025-03-23,Tablet,Mobile,1,88350.44,88350.44,CUST1053,Nakuru,BANK TRANSFER
TXN101014,11/03/2025,Tablet,Mobile,5,5838.83,29194.15,CUST1056,Nakuru,Bank Transfer
TXN102137,17/10/2025,Tablet,Mobile,4,50680.03,202720.12,CUST1192,Eldoret,Bank Transfer
TXN102850,26/09/2025,  Laptop ,Computers,3,52870.67,158612.01,CUST1123,Mombasa,Bank Transfer
TXN101237,2025-02-26,Headphones,Accessories,4,88832.45,355329.8,CUST1374,Nairobi,Cash
TXN102181,2025-09-13,  Phone ,Mobile,2,57465.12,114930.24,CUST1093,Eldoret,Mobile Money
TXN100555,2025-09-24,  Keyboard ,Accessories,3,,231503.58,CUST1234,Nairobi,Bank Transfer
TXN102368,2025-08-16,Keyboard,Accessories,1,84230.67,84230.67,CUST1035,Eldoret,Mobile Money
TXN102928,2025-07-29,Headphones,Accessories,4,12574.45,50297.8,CUST1134,Mombasa,Bank Transfer
TXN101211,2025-04-23,Headphones,Accessories,4,,85092.92,CUST1300,Kisumu,BANK TRANSFER
TXN102888,2025-01-22,Keyboard,Accessories,5,20901.71,104508.55,CUST1223,Mombasa,Cash
TXN100634,25/01/2025,Monitor,Computers,1,47967.61,47967.61,CUST1283,Nakuru,Bank Transfer
TXN102600,2025-03-11,Monitor,Computers,5,64264.18,321320.9,CUST1027,Eldoret,MOBILE MONEY
TXN101055,2025-11-06,Phone,Mobile,4,28939.32,115757.28,CUST1261,Nairobi,Cash
TXN102340,2025-04-14,Headphones,Accessories,3,64838.94,194516.82,CUST1136,,Cash
TXN101708,26/04/2025,Laptop,Computers,5,9542.36,47711.8,CUST1317,Nakuru,Bank Transfer
TXN100796,15/06/2025,Keyboard,Accessories,2,49154.04,98308.08,CUST1374,Nakuru,Cash
TXN102864,09/11/2025,Keyboard,Accessories,5,82121.28,410606.4,CUST1228,Nairobi,CARD
TXN100174,2025-08-26,Tablet,Mobile,1,,57368.65,CUST1358,Kisumu,Bank Transfer
TXN100245,20/09/2025,  Phone ,Mobile,3,40714.07,122142.21,CUST1075,Nakuru,Card
TXN101080,2025-09-05,Tablet,Mobile,1,7457.31,7457.31,CUST1387,Nakuru,Card
TXN101654,2025-03-15,Tablet,Mobile,1,25109.35,25109.35,CUST1321,Nairobi,Card
TXN102586,2025-12-23,Keyboard,Accessories,3,508.32,1524.96,CUST1178,Kisumu,BANK TRANSFER
TXN100144,16/07/2025,Phone,Mobile,4,,199352.88,CUST1097,Eldoret,Mobile Money
TXN100145,2025-08-01,Laptop,Computers,3,69654.42,208963.26,CUST1174,Eldoret,Cash
TXN100090,2025-10-01,Monitor,Computers,2,88274.62,176549.24,CUST1013,Nakuru,Card
TXN100682,2025-02-25,Headphones,Accessories,3,44083.94,132251.82,CUST1089,Eldoret,Card
TXN100310,2025-01-09,Tablet,Mobile,5,27331.26,136656.3,CUST1188,Kisumu,Card
TXN100093,29/08/2025,Monitor,Computers,3,,225673.59,CUST1009,,CARD
TXN102746,29/10/2025,Phone,Mobile,5,15881.22,79406.1,CUST1113,,Cash
TXN101956,2025-08-30,Monitor,Computers,2,31351.71,62703.42,CUST1281,Nakuru,Mobile Money
TXN100924,2025-04-17,Monitor,Computers,4,6412.36,25649.44,CUST1355,Eldoret,Bank Transfer
TXN102847,12/09/2025,Monitor,Computers,4,53856.35,215425.4,CUST1015,Mombasa,Card
TXN101909,21/04/2025,Phone,Mobile,1,70611.16,70611.16,CUST1046,Eldoret,Mobile Money
TXN101035,2025-08-23,Tablet,Mobile,1,17357.65,17357.65,CUST1044,Nairobi,Bank Transfer
TXN101400,14/03/2025,Laptop,Computers,2,5163.56,10327.12,CUST1104,Mombasa,Card
TXN102291,19/06/2025,Keyboard,Accessories,3,,156483.51,CUST1357,Mombasa,Mobile Money
TXN101500,2025-02-13,Laptop,Computers,2,51990.84,103981.68,CUST1380,Kisumu,Bank Transfer
TXN102262,2025-11-17,Keyboard,Accessories,1,14483.82,14483.82,CUST1235,Kisumu,Card
TXN101468,2025-09-08,Laptop,Computers,1,7896.01,7896.01,CUST1328,Eldoret,Mobile Money
TXN100998,2025-01-04,Laptop,Computers,4,7724.67,30898.68,CUST1091,Nairobi,Cash
TXN100853,2025-06-12,Tablet,Mobile,5,82581.53,412907.65,CUST1034,Eldoret,Card
TXN102473,2025-07-31,Laptop,Computers,5,45773.01,228865.05,CUST1380,Nakuru,Bank Transfer
TXN102204,2025-01-06,Phone,Mobile,3,37123.71,111371.13,CUST1212,Nakuru,Bank Transfer
TXN101142,24/11/2025,  Headphones ,Accessories,5,34929.77,174648.85,CUST1358,Kisumu,Card
TXN101143,2025-07-18,Keyboard,Accessories,2,77259.42,154518.84,CUST1004,Nakuru,Cash
TXN102274,2025-02-03,Tablet,Mobile,5,61198.5,305992.5,CUST1291,Kisumu,CASH
TXN102048,2025-09-14,Laptop,Computers,2,19582.87,39165.74,CUST1156,Kisumu,Bank Transfer
TXN100401,2025-07-14,Keyboard,Accessories,5,15677.67,78388.35,CUST1086,,Cash
TXN101103,2025-09-12,Monitor,Computers,2,26773.88,53547.76,CUST1251,Eldoret,Cash
TXN100084,2025-04-29,Keyboard,Accessories,1,12884.48,12884.48,CUST1196,,Mobile Money
TXN102210,23/09/2025,  Keyboard ,Accessories,4,18470.54,73882.16,CUST1018,,BANK TRANSFER
TXN102991,01/01/2025,Phone,Mobile,3,,134929.71,CUST1363,Eldoret,Card
TXN100114,2025-10-29,Tablet,Mobile,4,25246.72,100986.88,CUST1389,Eldoret,Cash
TXN102708,2025-03-28,Headphones,Accessories,5,4901.99,24509.95,CUST1296,Kisumu,Card
TXN101585,2025-02-09,Headphones,Accessories,2,7569.9,15139.8,CUST1006,Eldoret,Bank Transfer
TXN101567,2025-04-26,Phone,Mobile,3,,177465.39,CUST1350,Nakuru,Card
TXN101501,2025-03-11,Laptop,Computers,4,61094.46,244377.84,CUST1245,Nakuru,Card
TXN101660,05/09/2025,Laptop,Computers,3,89439.69,268319.07,CUST1314,Eldoret,Card
TXN101556,2025-04-05,Laptop,Computers,4,16745.46,66981.84,CUST1090,Mombasa,Bank Transfer
TXN102007,2025-12-01,Headphones,Accessories,1,66995.4,66995.4,CUST1199,Eldoret,MOBILE MONEY
TXN100625,2025-10-09,Monitor,Computers,4,3706.96,14827.84,CUST1000,Nairobi,Cash
TXN101885,2025-07-15,Headphones,Accessories,5,45840.12,229200.6,CUST1008,Nakuru,Bank Transfer
TXN101866,2025-05-01,Monitor,Computers,5,37374.26,186871.3,CUST1014,Kisumu,Cash
TXN100952,16/09/2025,Headphones,Accessories,4,7884.66,31538.64,CUST1039,Kisumu,CASH
TXN102306,2025-06-17,Laptop,Computers,1,5191.9,5191.9,CUST1282,Nakuru,Cash
TXN100624,12/09/2025,  Monitor ,Computers,3,11124.26,33372.78,CUST1381,Nairobi,Card
TXN100234,2025-12-10,Tablet,Mobile,5,8864.04,44320.2,CUST1216,Eldoret,Cash
TXN102183,2025-08-16,Monitor,Computers,2,45905.92,91811.84,CUST1015,Eldoret,Card
TXN102664,2025-06-05,Headphones,Accessories,1,10866.66,10866.66,CUST1283,Nairobi,Bank Transfer
TXN102034,07/05/2025,  Laptop ,Computers,4,51219.84,204879.36,CUST1125,Kisumu,Mobile Money
TXN101826,05/07/2025,  Phone ,Mobile,3,22255.06,66765.18,CUST1118,Nakuru,Cash
TXN102946,2025-08-07,Headphones,Accessories,3,23917.92,71753.76,CUST1027,Eldoret,Mobile Money
TXN102640,31/12/2025,Phone,Mobile,1,8560.16,8560.16,CUST1307,Nakuru,Bank Transfer
TXN101314,2025-10-14,  Phone ,Mobile,5,73816.95,369084.75,CUST1027,Nakuru,Cash
TXN101525,2025-04-07,Tablet,Mobile,5,55193.49,275967.45,CUST1302,Mombasa,Mobile Money
TXN101562,2025-06-23,  Laptop ,Computers,5,66383.77,331918.85,CUST1362,Nairobi,Mobile Money
TXN101752,03/09/2025,  Keyboard ,Accessories,5,,92157.1,CUST1148,Kisumu,Card
TXN101605,2025-07-04,Monitor,Computers,2,30842.35,61684.7,CUST1319,Nakuru,Card
TXN100343,2025-10-08,Laptop,Computers,5,10542.69,52713.45,CUST1258,,Mobile Money
TXN101440,16/09/2025,Keyboard,Accessories,5,70745.14,353725.7,CUST1016,Mombasa,Bank Transfer
TXN102341,2025-01-01,Phone,Mobile,2,62225.93,124451.86,CUST1332,Nairobi,Bank Transfer
TXN102412,2025-02-27,Laptop,Computers,5,5859.25,29296.25,CUST1172,Eldoret,Cash
TXN102226,2025-06-03,Headphones,Accessories,1,39140.42,39140.42,CUST1073,Nairobi,Bank Transfer
TXN102707,2025-12-08,Phone,Mobile,4,7153.08,28612.32,CUST1279,Kisumu,CASH
TXN100996,2025-08-13,Tablet,Mobile,3,50029.99,150089.97,CUST1124,Eldoret,Card
TXN102062,2025-02-07,Headphones,Accessories,1,42729.76,42729.76,CUST1166,Nakuru,Mobile Money
TXN101110,2025-10-30,Headphones,Accessories,3,5997.45,17992.35,CUST1023,Mombasa,Cash
TXN102213,15/09/2025,  Keyboard ,Accessories,1,,59827.47,CUST1392,Mombasa,Mobile Money
TXN101359,2025-07-30,Phone,Mobile,3,,232331.43,CUST1200,Mombasa,Card
TXN102107,2025-04-04,Tablet,Mobile,1,71580.44,71580.44,CUST1007,Mombasa,Card
TXN100709,2025-07-09,Tablet,Mobile,4,47222.96,188891.84,CUST1022,Eldoret,Bank Transfer
TXN101878,2025-07-13,Tablet,Mobile,1,73263.13,73263.13,CUST1335,Nakuru,Mobile Money
TXN102724,2025-07-23,Keyboard,Accessories,2,,59603.26,CUST1233,Eldoret,Card
TXN101378,2025-12-23,Tablet,Mobile,5,19846.9,99234.5,CUST1024,Eldoret,CARD
TXN100424,25/08/2025,  Headphones ,Accessories,5,38660.06,193300.3,CUST1118,Nakuru,MOBILE MONEY
TXN100292,2025-06-04,Tablet,Mobile,5,26425.61,132128.05,CUST1247,Mombasa,Bank Transfer
TXN101065,2025-12-07,Tablet,Mobile,4,11613.83,46455.32,CUST1147,Nakuru,Mobile Money
TXN102377,12/08/2025,  Monitor ,Computers,4,,14006.2,CUST1285,Nakuru,Card
TXN101638,2025-11-12,Laptop,Computers,1,58641.4,58641.4,CUST1210,Nairobi,Bank Transfer
TXN102477,2025-09-09,Headphones,Accessories,2,,88087.08,CUST1202,Eldoret,Mobile Money
TXN101012,11/07/2025,Keyboard,Accessories,4,16436.44,65745.76,CUST1069,Nakuru,Mobile Money
TXN102127,2025-05-22,Phone,Mobile,4,13245.55,52982.2,CUST1389,Kisumu,Card
TXN101717,17/03/2025,Keyboard,Accessories,5,15473.77,77368.85,CUST1396,Nairobi,Card
TXN100937,2025-04-07,  Tablet ,Mobile,2,43000.99,86001.98,CUST1284,Nakuru,Cash
TXN100834,2025-11-12,Headphones,Accessories,2,88894.85,177789.7,CUST1226,Eldoret,MOBILE MONEY
TXN100254,2025-03-15,Tablet,Mobile,5,,259833.75,CUST1149,Nakuru,Card
TXN101482,15/11/2025,Keyboard,Accessories,3,25326.92,75980.76,CUST1216,Nairobi,Cash
TXN101819,2025-05-31,Tablet,Mobile,3,42626.31,127878.93,CUST1318,Nairobi,MOBILE MONEY
TXN101407,2025-08-26,  Keyboard ,Accessories,2,23527.61,47055.22,CUST1156,,Cash
TXN102917,2025-01-15,Phone,Mobile,5,72571.18,362855.9,CUST1217,Mombasa,Mobile Money
TXN102184,2025-06-09,Keyboard,Accessories,1,72744.83,72744.83,CUST1149,Nairobi,Cash
TXN100723,2025-03-31,Tablet,Mobile,5,5642.94,28214.7,CUST1327,,Bank Transfer
TXN100969,2025-08-28,Laptop,Computers,2,23173.55,46347.1,CUST1338,Nairobi,BANK TRANSFER
TXN100496,2025-09-16,Tablet,Mobile,1,52478.97,52478.97,CUST1068,Nakuru,Card
TXN100950,2025-10-16,  Tablet ,Mobile,5,67573.56,337867.8,CUST1133,Nairobi,Bank Transfer
TXN100805,2025-02-06,Headphones,Accessories,2,54732.85,109465.7,CUST1006,Mombasa,Bank Transfer
TXN101829,2025-03-06,Monitor,Computers,4,21063.82,84255.28,CUST1275,Mombasa,Bank Transfer
TXN102177,2025-06-29,  Headphones ,Accessories,4,18454.35,73817.4,CUST1331,Nairobi,CASH
TXN101739,04/08/2025,Monitor,Computers,3,38776.39,116329.17,CUST1210,Nakuru,Card
TXN100337,2025-01-06,Headphones,Accessories,5,65197.99,325989.95,CUST1133,Kisumu,Mobile Money
TXN100730,24/02/2025,Headphones,Accessories,2,36938.55,73877.1,CUST1286,Nairobi,Cash
TXN100608,2025-06-01,Tablet,Mobile,2,41379.24,82758.48,CUST1135,Nakuru,Card
TXN101148,2025-11-25,Monitor,Computers,1,68696.8,68696.8,CUST1328,Mombasa,Bank Transfer
TXN102243,13/11/2025,Monitor,Computers,1,,48141.31,CUST1209,Mombasa,Bank Transfer
TXN101713,20/06/2025,Tablet,Mobile,1,15414.77,15414.77,CUST1233,Mombasa,Card
TXN100954,2025-07-09,  Keyboard ,Accessories,2,59494.43,118988.86,CUST1089,Kisumu,Mobile Money
TXN100909,2025-04-18,Keyboard,Accessories,3,57677.15,173031.45,CUST1164,Mombasa,Mobile Money
TXN102632,16/12/2025,Tablet,Mobile,3,30923.8,92771.4,CUST1095,Kisumu,Mobile Money
TXN102151,2025-11-13,Keyboard,Accessories,5,,82113.9,CUST1356,Nairobi,Mobile Money
TXN102010,2025-08-16,Monitor,Computers,2,61688.56,123377.12,CUST1123,Mombasa,Bank Transfer
TXN102491,2025-03-21,Phone,Mobile,4,13810.52,55242.08,CUST1018,,CARD
TXN101810,2025-01-30,  Tablet ,Mobile,5,19996.9,99984.5,CUST1296,Nairobi,Cash
TXN101994,2025-08-20,  Headphones ,Accessories,3,67701.75,203105.25,CUST1345,Nakuru,Card
TXN100719,2025-10-09,Keyboard,Accessories,4,70854.26,283417.04,CUST1314,Nairobi,MOBILE MONEY
TXN101569,2025-07-04,  Laptop ,Computers,5,30368.37,151841.85,CUST1043,Nairobi,MOBILE MONEY
TXN102275,2025-09-03,Monitor,Computers,3,66926.24,200778.72,CUST1189,Nakuru,Cash
TXN100434,2025-06-11,Monitor,Computers,3,13056.54,39169.62,CUST1230,Eldoret,Card
TXN101299,2025-10-31,Monitor,Computers,4,72821.29,291285.16,CUST1320,Kisumu,Cash
TXN102174,26/07/2025,Headphones,Accessories,1,,8927.45,CUST1293,Nakuru,BANK TRANSFER
TXN100405,2025-06-20,  Headphones ,Accessories,1,85419.7,85419.7,CUST1317,Nakuru,Cash
TXN100821,2025-06-16,Keyboard,Accessories,2,66216.8,132433.6,CUST1247,Mombasa,Bank Transfer
TXN102759,2025-10-15,Tablet,Mobile,5,,236865.15,CUST1030,Eldoret,Mobile Money
TXN101789,09/02/2025,Tablet,Mobile,2,73229.66,146459.32,CUST1029,Mombasa,Bank Transfer
TXN102744,2025-02-10,  Headphones ,Accessories,4,,60862.92,CUST1350,Kisumu,Mobile Money
TXN102351,09/10/2025,Keyboard,Accessories,1,23297.19,23297.19,CUST1340,Mombasa,Mobile Money
TXN102315,26/11/2025,Tablet,Mobile,5,2668.16,13340.8,CUST1357,Mombasa,Bank Transfer
TXN101858,2025-02-15,Phone,Mobile,2,57312.16,114624.32,CUST1264,Mombasa,Card
TXN101557,11/01/2025,Tablet,Mobile,2,58457.0,116914.0,CUST1158,Mombasa,Mobile Money
TXN100545,2025-07-23,Monitor,Computers,1,28097.63,28097.63,CUST1241,Nakuru,Cash
TXN100212,09/12/2025,Keyboard,Accessories,2,45273.48,90546.96,CUST1181,Nairobi,Bank Transfer
TXN100896,2025-01-19,Headphones,Accessories,4,82496.59,329986.36,CUST1330,Mombasa,Bank Transfer
TXN101941,2025-05-13,Laptop,Computers,5,,348600.55,CUST1111,Nakuru,Cash
TXN101891,2025-03-19,Monitor,Computers,3,66775.75,200327.25,CUST1018,Kisumu,Bank Transfer
TXN100916,2025-04-12,Keyboard,Accessories,3,28463.44,85390.32,CUST1365,Eldoret,CARD
TXN102723,25/09/2025,Keyboard,Accessories,2,66057.82,132115.64,CUST1333,Mombasa,Card
TXN101289,2025-11-23,Laptop,Computers,2,88591.59,177183.18,CUST1202,Nairobi,Cash
TXN100814,16/10/2025,Tablet,Mobile,3,54953.0,164859.0,CUST1279,Mombasa,Bank Transfer
TXN101265,28/07/2025,Laptop,Computers,2,27958.08,55916.16,CUST1347,Mombasa,Card
TXN100342,2025-02-11,Tablet,Mobile,5,78645.59,393227.95,CUST1269,Nakuru,Cash
TXN102597,2025-01-11,Keyboard,Accessories,2,83396.07,166792.14,CUST1100,Nakuru,Cash
TXN101410,2025-07-22,Monitor,Computers,4,83349.35,333397.4,CUST1380,Kisumu,Bank Transfer
TXN101214,2025-11-07,Phone,Mobile,2,18353.84,36707.68,CUST1251,Nairobi,Bank Transfer
TXN100966,2025-05-26,Tablet,Mobile,4,31960.72,127842.88,CUST1128,,Card
TXN101230,2025-08-03,Tablet,Mobile,5,87553.17,437765.85,CUST1205,Eldoret,Cash
TXN102343,2025-08-30,Keyboard,Accessories,3,41335.04,124005.12,CUST1278,Mombasa,Cash
TXN100695,30/06/2025,Monitor,Computers,2,,93430.54,CUST1176,Nakuru,Bank Transfer
TXN102121,2025-09-25,Laptop,Computers,4,27036.43,108145.72,CUST1215,Nakuru,Bank Transfer
TXN100605,2025-04-17,Phone,Mobile,1,,49558.42,CUST1352,Nakuru,Cash
TXN100104,2025-10-31,Monitor,Computers,4,74403.25,297613.0,CUST1137,Kisumu,Mobile Money
TXN100645,2025-08-20,Keyboard,Accessories,1,32602.08,32602.08,CUST1052,Eldoret,Mobile Money
TXN101404,2025-07-04,Monitor,Computers,1,85615.68,85615.68,CUST1203,Nakuru,Mobile Money
TXN100494,2025-03-14,Monitor,Computers,4,86526.06,346104.24,CUST1364,Kisumu,Card
TXN102487,2025-03-22,Monitor,Computers,5,76789.39,383946.95,CUST1329,Eldoret,Card
TXN101019,2025-10-30,Keyboard,Accessories,2,80318.13,160636.26,CUST1076,Eldoret,Card
TXN100091,2025-08-25,Laptop,Computers,4,12645.1,50580.4,CUST1093,Nairobi,Cash
TXN101112,30/07/2025,Monitor,Computers,3,89279.12,267837.36,CUST1179,Nairobi,Mobile Money
TXN100908,22/02/2025,  Headphones ,Accessories,4,80082.14,320328.56,CUST1266,Kisumu,Card
TXN101474,2025-01-03,Phone,Mobile,5,62721.82,313609.1,CUST1284,Nakuru,Cash
TXN101741,2025-03-07,Phone,Mobile,5,46342.51,231712.55,CUST1317,Eldoret,CASH
TXN102150,25/10/2025,Headphones,Accessories,1,10477.51,10477.51,CUST1158,Eldoret,Cash
TXN100238,21/12/2025,Phone,Mobile,2,16685.71,33371.42,CUST1394,Eldoret,MOBILE MONEY
TXN100942,2025-11-06,Headphones,Accessories,2,17128.3,34256.6,CUST1003,Eldoret,Bank Transfer
TXN101270,05/09/2025,  Monitor ,Computers,5,,184666.7,CUST1014,Nakuru,Mobile Money
TXN100938,2025-12-10,  Monitor ,Computers,2,26318.14,52636.28,CUST1064,Mombasa,Card
TXN101424,2025-04-04,Tablet,Mobile,2,18222.84,36445.68,CUST1257,Nairobi,BANK TRANSFER
TXN101862,19/11/2025,Tablet,Mobile,4,44374.87,177499.48,CUST1200,Eldoret,CASH
TXN101669,2025-07-11,Monitor,Computers,2,51259.21,102518.42,CUST1323,,Bank Transfer
TXN100005,2025-06-22,  Headphones ,Accessories,3,14415.42,43246.26,CUST1052,Nairobi,Bank Transfer
TXN100247,2025-02-11,Keyboard,Accessories,627,21602.14,64806.42,CUST1191,Mombasa,Card
TXN100018,2025-03-23,Laptop,Computers,1,14179.3,14179.3,CUST1348,Nakuru,Card
TXN102169,2025-12-23,Phone,Mobile,4,28229.36,112917.44,CUST1345,Kisumu,Cash
TXN101970,2025-07-06,  Tablet ,Mobile,3,76053.07,228159.21,CUST1057,Mombasa,Bank Transfer
TXN102709,2025-01-23,Phone,Mobile,4,26814.48,107257.92,CUST1048,Nakuru,CASH
TXN102232,2025-03-14,  Tablet ,Mobile,3,19609.47,58828.41,CUST1240,,Bank Transfer
TXN102322,18/07/2025,Headphones,Accessories,5,33999.9,169999.5,CUST1081,Mombasa,Cash
TXN102481,2025-12-24,Monitor,Computers,1,84126.5,84126.5,CUST1331,Mombasa,Card
TXN100811,2025-08-07,Tablet,Mobile,4,63378.26,253513.04,CUST1053,,Mobile Money
TXN101300,24/06/2025,Phone,Mobile,1,42885.1,42885.1,CUST1027,Kisumu,Mobile Money
TXN101335,2025-08-20,  Phone ,Mobile,2,80592.17,161184.34,CUST1120,,Mobile Money
TXN100146,2025-10-28,Laptop,Computers,3,65481.56,196444.68,CUST1296,Nakuru,Mobile Money
TXN100260,11/03/2025,  Tablet ,Mobile,4,57040.36,228161.44,CUST1032,Nakuru,Card
TXN101804,23/09/2025,Monitor,Computers,5,,324351.05,CUST1133,Mombasa,Bank Transfer
TXN101570,04/11/2025,  Phone ,Mobile,4,47978.02,191912.08,CUST1092,,Mobile Money
TXN102229,2025-06-16,Monitor,Computers,4,33038.64,132154.56,CUST1340,Nakuru,Mobile Money
TXN100184,2025-03-31,  Phone ,Mobile,5,,114667.75,CUST1056,Nairobi,Mobile Money
TXN102454,20/09/2025,Keyboard,Accessories,3,32252.31,96756.93,CUST1282,Nakuru,Card
TXN101743,2025-11-29,Laptop,Computers,1,5395.0,5395.0,CUST1054,Kisumu,Card
TXN101630,19/08/2025,  Headphones ,Accessories,5,65144.6,325723.0,CUST1064,Nakuru,Card
TXN101716,2025-01-09,Phone,Mobile,4,10290.05,41160.2,CUST1290,Kisumu,Mobile Money
TXN100520,2025-10-16,Tablet,Mobile,3,85306.51,255919.53,CUST1072,Eldoret,Mobile Money
TXN102428,2025-02-15,Tablet,Mobile,4,81872.33,327489.32,CUST1223,Kisumu,Cash
TXN102016,2025-08-14,Monitor,Computers,5,56819.5,284097.5,CUST1219,Nairobi,Card
TXN101658,2025-06-10,Phone,Mobile,4,34085.27,136341.08,CUST1324,Nakuru,Mobile Money
TXN101612,2025-11-16,Monitor,Computers,3,46366.89,139100.67,CUST1160,Kisumu,Card
TXN102475,30/01/2025,Tablet,Mobile,1,69859.46,69859.46,CUST1223,Nakuru,Bank Transfer
TXN102126,2025-07-25,Phone,Mobile,3,13069.41,39208.23,CUST1063,Eldoret,Mobile Money
TXN102301,2025-01-06,Phone,Mobile,4,38357.72,153430.88,CUST1152,Kisumu,Mobile Money
TXN100607,2025-02-08,  Phone ,Mobile,1,70267.6,70267.6,CUST1370,Nairobi,Cash
TXN100230,2025-12-14,Laptop,Computers,3,8958.28,26874.84,CUST1197,Kisumu,Cash
TXN100331,2025-03-10,Tablet,Mobile,5,,237132.55,CUST1258,Nakuru,Cash
TXN101440,16/09/2025,Keyboard,Accessories,5,70745.14,353725.7,CUST1016,Mombasa,Bank Transfer
TXN101927,2025-12-08,Tablet,Mobile,4,37765.9,151063.6,CUST1342,Nairobi,Card
TXN101091,2025-09-10,Keyboard,Accessories,1,7861.19,7861.19,CUST1059,Nakuru,Cash
TXN101101,2025-04-02,Laptop,Computers,4,61190.62,244762.48,CUST1195,Eldoret,Cash
TXN101129,2025-04-09,Monitor,Computers,2,10663.49,21326.98,CUST1014,Mombasa,CASH
TXN100461,2025-03-10,Headphones,Accessories,2,34753.53,69507.06,CUST1328,Mombasa,Card
TXN100958,01/03/2025,Laptop,Computers,3,68115.81,204347.43,CUST1026,Mombasa,Bank Transfer
TXN101662,2025-03-20,Keyboard,Accessories,1,46860.55,46860.55,CUST1110,Kisumu,CARD
TXN100559,2025-11-13,Phone,Mobile,3,36566.17,109698.51,CUST1311,Nakuru,Card
TXN102738,2025-07-19,Laptop,Computers,3,,204369.78,CUST1195,Eldoret,Cash
TXN102909,2025-12-30,Headphones,Accessories,2,,74531.34,CUST1331,Mombasa,Card
TXN101519,19/07/2025,Monitor,Computers,5,65476.51,327382.55,CUST1067,Nairobi,CARD
TXN102140,2025-08-14,Monitor,Computers,1,31583.75,31583.75,CUST1235,Eldoret,Card
TXN100681,2025-06-19,Headphones,Accessories,3,12520.37,37561.11,CUST1245,,Bank Transfer
TXN102032,17/01/2025,Tablet,Mobile,2,33038.65,66077.3,CUST1204,Nairobi,Cash
TXN102484,21/01/2025,  Laptop ,Computers,5,7869.95,39349.75,CUST1314,Nairobi,MOBILE MONEY
TXN102538,16/05/2025,Headphones,Accessories,1,9016.58,9016.58,CUST1393,Kisumu,Cash
TXN102912,25/10/2025,Phone,Mobile,3,47966.58,143899.74,CUST1128,Mombasa,Card
TXN102097,24/01/2025,Laptop,Computers,2,82265.14,164530.28,CUST1276,Nakuru,Mobile Money
TXN102941,2025-05-07,Laptop,Computers,5,70671.42,353357.1,CUST1021,Kisumu,Cash
TXN100069,2025-12-08,Tablet,Mobile,3,45887.46,137662.38,CUST1209,Kisumu,BANK TRANSFER
TXN101572,2025-12-31,Monitor,Computers,3,83992.92,251978.76,CUST1039,Nairobi,MOBILE MONEY
TXN100808,2025-09-23,Headphones,Accessories,1,85042.01,85042.01,CUST1049,,Mobile Money
TXN100011,16/12/2025,Phone,Mobile,3,63312.92,189938.76,CUST1331,Nairobi,Mobile Money
TXN102025,2025-03-17,Laptop,Computers,2,52699.12,105398.24,CUST1299,Nairobi,Cash
TXN102192,2025-07-13,Tablet,Mobile,4,36679.31,146717.24,CUST1042,Nakuru,Card
TXN100917,24/12/2025,Monitor,Computers,5,12295.68,61478.4,CUST1239,Nairobi,Bank Transfer
TXN101451,2025-08-24,Laptop,Computers,4,1322.37,5289.48,CUST1161,Mombasa,Cash
TXN102687,2025-03-03,Keyboard,Accessories,3,88252.43,264757.29,CUST1128,Mombasa,Cash
TXN100176,2025-03-11,Laptop,Computers,2,79909.71,159819.42,CUST1198,Nakuru,Cash
TXN100994,14/06/2025,Tablet,Mobile,5,49356.69,246783.45,CUST1109,,Mobile Money
TXN102488,2025-05-26,Monitor,Computers,5,20529.38,102646.9,CUST1016,Nakuru,CASH
TXN102569,2025-10-18,Tablet,Mobile,4,2316.81,9267.24,CUST1054,Mombasa,Cash
TXN101255,2025-06-16,Monitor,Computers,4,13833.94,55335.76,CUST1045,Eldoret,Bank Transfer
TXN101664,2025-02-17,Headphones,Accessories,4,18331.76,73327.04,CUST1178,Eldoret,Cash
TXN102191,2025-03-11,Keyboard,Accessories,2,25789.26,51578.52,CUST1229,Mombasa,Cash
TXN102801,28/01/2025,Headphones,Accessories,4,65763.68,263054.72,CUST1280,Mombasa,Mobile Money
TXN102567,2025-10-10,Monitor,Computers,2,,177582.26,CUST1260,Mombasa,Card
TXN100080,01/11/2025,Tablet,Mobile,5,,444581.85,CUST1162,Nakuru,Bank Transfer
TXN102870,2025-02-06,Tablet,Mobile,5,3232.95,16164.75,CUST1279,Nakuru,CASH
TXN101790,2025-06-29,Phone,Mobile,3,4412.89,13238.67,CUST1308,Mombasa,Cash
TXN102476,2025-01-16,Phone,Mobile,4,42849.09,171396.36,CUST1170,Kisumu,Card
TXN102660,2025-02-07,  Monitor ,Computers,2,61799.27,123598.54,CUST1164,Mombasa,Card
TXN100156,2025-01-15,Monitor,Computers,2,62613.1,125226.2,CUST1023,Kisumu,Card
TXN102587,2025-02-19,Keyboard,Accessories,2,2907.49,5814.98,CUST1321,Eldoret,Card
TXN101460,15/08/2025,Tablet,Mobile,2,52155.59,104311.18,CUST1356,Nakuru,Cash
TXN102046,2025-04-02,  Keyboard ,Accessories,856,44873.02,179492.08,CUST1033,Nakuru,Cash
TXN101850,2025-06-01,  Keyboard ,Accessories,2,74877.88,149755.76,CUST1056,Nairobi,Bank Transfer
TXN102509,16/05/2025,Tablet,Mobile,5,23245.7,116228.5,CUST1002,,Mobile Money
TXN102624,2025-05-08,Keyboard,Accessories,4,45111.03,180444.12,CUST1264,Mombasa,BANK TRANSFER
TXN102303,2025-03-17,Headphones,Accessories,4,69933.82,279735.28,CUST1228,,Mobile Money
TXN102005,11/02/2025,Phone,Mobile,5,55982.87,279914.35,CUST1306,Eldoret,Bank Transfer
TXN101185,2025-09-20,Headphones,Accessories,475,74968.73,74968.73,CUST1102,Nakuru,Bank Transfer
TXN101006,12/11/2025,  Phone ,Mobile,4,22998.67,91994.68,CUST1388,Nakuru,CARD
TXN100560,2025-01-26,Monitor,Computers,3,62300.98,186902.94,CUST1381,Nakuru,Cash
TXN102256,2025-05-19,Monitor,Computers,1,62728.3,62728.3,CUST1356,Nakuru,CASH
TXN100910,2025-08-14,Headphones,Accessories,3,48138.68,144416.04,CUST1343,Nairobi,Cash
TXN101311,2025-11-30,Keyboard,Accessories,4,46424.75,185699.0,CUST1386,Kisumu,Cash
TXN102049,18/04/2025,Laptop,Computers,3,83515.86,250547.58,CUST1292,Mombasa,Cash
TXN100269,2025-08-11,Tablet,Mobile,3,55529.21,166587.63,CUST1140,Nairobi,Card
TXN101993,2025-06-26,Tablet,Mobile,4,50738.65,202954.6,CUST1042,Mombasa,Cash
TXN100265,12/09/2025,Headphones,Accessories,2,44910.19,89820.38,CUST1188,Eldoret,Cash
TXN100914,12/12/2025,Laptop,Computers,2,3094.85,6189.7,CUST1025,Nairobi,Bank Transfer
TXN102278,17/07/2025,Monitor,Computers,4,14165.29,56661.16,CUST1214,Nairobi,Mobile Money
TXN102231,2025-08-26,Tablet,Mobile,5,33025.63,165128.15,CUST1280,Nakuru,Cash
TXN100509,21/10/2025,Monitor,Computers,1,15535.03,15535.03,CUST1221,Nakuru,Bank Transfer
TXN102912,25/10/2025,Phone,Mobile,3,47966.58,143899.74,CUST1128,Mombasa,Card
TXN100873,2025-03-23,Tablet,Mobile,5,55280.49,276402.45,CUST1193,Eldoret,Bank Transfer
TXN102093,2025-03-22,Headphones,Accessories,5,,188157.2,CUST1214,Mombasa,Mobile Money
TXN102446,2025-07-08,Laptop,Computers,2,7070.83,14141.66,CUST1152,Nairobi,Bank Transfer
TXN100475,29/11/2025,Monitor,Computers,5,57269.34,286346.7,CUST1348,Nairobi,Cash
TXN101652,2025-11-21,Tablet,Mobile,2,88515.57,177031.14,CUST1323,,Mobile Money
TXN101960,2025-11-08,Tablet,Mobile,5,2907.22,14536.1,CUST1091,Mombasa,CASH
TXN100045,2025-06-11,Tablet,Mobile,5,,255439.05,CUST1133,Mombasa,Cash
TXN100161,2025-10-28,Laptop,Computers,4,85098.59,340394.36,CUST1153,Nakuru,Cash
TXN102775,2025-09-21,Phone,Mobile,1,12111.42,12111.42,CUST1378,Mombasa,Cash
TXN102677,2025-11-24,Keyboard,Accessories,4,,57490.28,CUST1060,Nakuru,Bank Transfer
TXN100288,2025-11-25,Keyboard,Accessories,5,8861.84,44309.2,CUST1086,Eldoret,MOBILE MONEY
TXN101050,2025-10-21,Monitor,Computers,3,87279.7,261839.1,CUST1341,Mombasa,Bank Transfer
TXN101948,05/09/2025,  Tablet ,Mobile,3,54284.3,162852.9,CUST1347,Nakuru,Cash
TXN100575,2025-04-22,  Monitor ,Computers,3,41580.32,124740.96,CUST1238,Kisumu,Bank Transfer
TXN100850,07/08/2025,  Monitor ,Computers,2,51774.42,103548.84,CUST1159,Eldoret,Cash
TXN100911,2025-01-08,Phone,Mobile,2,24990.5,49981.0,CUST1318,Eldoret,Card
TXN101254,2025-11-07,Headphones,Accessories,4,43032.87,172131.48,CUST1067,Mombasa,Bank Transfer
TXN101833,31/12/2025,Monitor,Computers,3,69013.11,207039.33,CUST1240,Nairobi,Mobile Money
TXN101722,2025-04-10,Headphones,Accessories,2,67120.68,134241.36,CUST1193,Nairobi,Cash
TXN102133,10/08/2025,Phone,Mobile,4,75385.47,301541.88,CUST1215,Nairobi,Card
TXN101735,2025-06-15,Keyboard,Accessories,4,61263.63,245054.52,CUST1296,Mombasa,Mobile Money
TXN100932,11/08/2025,Keyboard,Accessories,3,82705.9,248117.7,CUST1367,Kisumu,Card
TXN101100,10/03/2025,Monitor,Computers,4,21158.55,84634.2,CUST1015,Nairobi,Card
TXN101207,2025-11-10,Monitor,Computers,4,46445.34,185781.36,CUST1347,Nakuru,Mobile Money
TXN102295,2025-07-19,Keyboard,Accessories,3,6489.83,19469.49,CUST1398,Mombasa,Cash
TXN101843,02/04/2025,Headphones,Accessories,3,34874.06,104622.18,CUST1073,Nairobi,Mobile Money
TXN101848,04/10/2025,Laptop,Computers,5,81277.45,406387.25,CUST1275,Mombasa,Card
TXN102524,2025-11-20,Keyboard,Accessories,5,17878.25,89391.25,CUST1179,Nairobi,Cash
TXN101694,08/02/2025,Tablet,Mobile,2,,125398.74,CUST1253,Nairobi,Mobile Money
TXN100085,2025-10-05,Laptop,Computers,4,36980.14,147920.56,CUST1238,Nakuru,Card
TXN100469,2025-02-06,Phone,Mobile,4,57608.37,230433.48,CUST1270,Nairobi,CASH
TXN102273,2025-12-12,Laptop,Computers,4,1573.91,6295.64,CUST1045,Kisumu,Cash
TXN102822,2025-10-30,Monitor,Computers,2,2031.78,4063.56,CUST1099,Kisumu,Cash
TXN102379,12/03/2025,Keyboard,Accessories,2,81642.15,163284.3,CUST1061,Nairobi,Mobile Money
TXN100233,2025-07-12,Keyboard,Accessories,1,28207.58,28207.58,CUST1329,Kisumu,Mobile Money
TXN102636,10/03/2025,Headphones,Accessories,3,65431.77,196295.31,CUST1238,Eldoret,CARD
TXN102523,2025-03-25,Keyboard,Accessories,1,,89295.01,CUST1074,Kisumu,Mobile Money
TXN101988,2025-06-16,Phone,Mobile,743,2117.53,4235.06,CUST1113,Nairobi,Cash
TXN102647,2025-11-23,Phone,Mobile,4,30379.75,121519.0,CUST1359,Nakuru,Cash
TXN102469,2025-05-23,Tablet,Mobile,5,47044.32,235221.6,CUST1304,Mombasa,MOBILE MONEY
TXN101711,15/09/2025,Tablet,Mobile,1,8934.71,8934.71,CUST1358,Eldoret,Bank Transfer
TXN100182,11/10/2025,  Keyboard ,Accessories,2,6640.61,13281.22,CUST1106,Eldoret,Mobile Money
TXN100988,2025-12-14,Tablet,Mobile,5,41524.15,207620.75,CUST1274,Mombasa,MOBILE MONEY
TXN101000,2025-11-09,Monitor,Computers,2,84459.02,168918.04,CUST1354,Nairobi,Mobile Money
TXN101641,2025-03-05,Laptop,Computers,2,,154285.34,CUST1179,Nakuru,Bank Transfer
TXN101356,19/12/2025,  Tablet ,Mobile,5,16398.43,81992.15,CUST1308,Nakuru,Card
TXN101462,2025-03-17,Tablet,Mobile,5,9624.33,48121.65,CUST1192,Nakuru,Mobile Money
TXN100049,2025-10-06,  Headphones ,Accessories,3,14618.34,43855.02,CUST1360,Kisumu,Card
TXN100193,2025-11-30,Laptop,Computers,1,76824.95,76824.95,CUST1393,Eldoret,Mobile Money
TXN102577,09/01/2025,Phone,Mobile,4,86196.41,344785.64,CUST1353,Nairobi,Card
TXN101258,2025-02-13,Keyboard,Accessories,1,58130.32,58130.32,CUST1098,Eldoret,Card
TXN100486,2025-06-13,Phone,Mobile,3,22719.55,68158.65,CUST1138,Nairobi,Cash
TXN101864,2025-08-06,Monitor,Computers,3,22641.97,67925.91,CUST1059,Mombasa,Bank Transfer
TXN102545,2025-03-23,Monitor,Computers,5,10066.74,50333.7,CUST1302,Eldoret,Mobile Money
TXN101908,2025-11-12,Keyboard,Accessories,5,54627.38,273136.9,CUST1342,Nakuru,Mobile Money
TXN100106,16/06/2025,Headphones,Accessories,1,44740.43,44740.43,CUST1093,Nakuru,Mobile Money
TXN100443,2025-04-16,Keyboard,Accessories,2,70744.01,141488.02,CUST1030,Eldoret,Cash
TXN101954,2025-04-05,  Phone ,Mobile,3,28023.64,84070.92,CUST1120,Mombasa,Bank Transfer
TXN100646,19/09/2025,Tablet,Mobile,5,35305.36,176526.8,CUST1356,Kisumu,Card
TXN101762,23/03/2025,Laptop,Computers,1,,3142.21,CUST1118,Nairobi,Card
TXN100726,2025-03-22,  Headphones ,Accessories,2,59124.21,118248.42,CUST1044,Kisumu,Bank Transfer
TXN102238,18/11/2025,  Keyboard ,Accessories,5,47987.64,239938.2,CUST1018,Nairobi,CARD
TXN101856,23/04/2025,Keyboard,Accessories,4,78554.28,314217.12,CUST1344,Mombasa,Cash
TXN102330,2025-09-09,Monitor,Computers,5,67970.35,339851.75,CUST1245,Eldoret,Cash
TXN100029,29/10/2025,Phone,Mobile,1,30758.66,30758.66,CUST1283,Mombasa,Mobile Money
TXN100169,04/09/2025,Phone,Mobile,3,82307.38,246922.14,CUST1151,Kisumu,CARD
TXN101001,2025-02-15,Tablet,Mobile,4,,221113.84,CUST1321,Kisumu,CASH
TXN102148,2025-07-15,  Keyboard ,Accessories,4,57733.01,230932.04,CUST1103,Kisumu,Bank Transfer
TXN100197,2025-10-12,Tablet,Mobile,3,73153.35,219460.05,CUST1030,Eldoret,Cash
TXN100495,2025-09-24,Laptop,Computers,2,,161614.46,CUST1211,Kisumu,Bank Transfer
TXN102026,2025-09-22,  Headphones ,Accessories,5,67218.42,336092.1,CUST1207,Nakuru,Mobile Money
TXN100647,17/12/2025,  Monitor ,Computers,4,37782.68,151130.72,CUST1160,Eldoret,Card
TXN100044,2025-01-21,Keyboard,Accessories,2,,104626.52,CUST1317,Nairobi,Bank Transfer
TXN102758,2025-04-01,Laptop,Computers,1,69981.87,69981.87,CUST1233,Nakuru,CARD
TXN100373,2025-04-28,  Headphones ,Accessories,2,18059.16,36118.32,CUST1194,Eldoret,Mobile Money
TXN100678,2025-06-12,Keyboard,Accessories,1,81060.61,81060.61,CUST1248,Nakuru,Cash
TXN100566,2025-01-15,  Phone ,Mobile,5,79200.27,396001.35,CUST1088,Mombasa,Mobile Money
TXN102895,2025-05-15,Headphones,Accessories,3,,134566.44,CUST1063,Eldoret,CARD
TXN100460,2025-02-22,Laptop,Computers,2,34784.76,69569.52,CUST1052,Kisumu,Cash
TXN101932,14/02/2025,Laptop,Computers,1,16833.84,16833.84,CUST1095,Kisumu,Card
TXN101155,2025-03-18,Keyboard,Accessories,4,54235.15,216940.6,CUST1045,Kisumu,Mobile Money
TXN100039,2025-07-19,Laptop,Computers,2,34418.09,68836.18,CUST1135,Nakuru,Cash
TXN102482,10/03/2025,Laptop,Computers,4,,65571.16,CUST1149,Kisumu,Cash
TXN100973,2025-04-02,Monitor,Computers,2,55122.02,110244.04,CUST1330,Nakuru,Card
TXN101786,2025-03-01,Monitor,Computers,4,49684.27,198737.08,CUST1224,Nairobi,Cash
TXN101498,28/04/2025,Headphones,Accessories,4,47093.22,188372.88,CUST1156,Nairobi,Cash
TXN102504,30/10/2025,Keyboard,Accessories,4,80117.98,320471.92,CUST1313,Eldoret,Mobile Money
TXN101835,23/12/2025,Monitor,Computers,3,11907.04,35721.12,CUST1285,Mombasa,Cash
TXN102308,17/06/2025,  Tablet ,Mobile,3,35900.62,107701.86,CUST1313,Nairobi,Cash
TXN101840,2025-11-29,Keyboard,Accessories,5,,168018.55,CUST1232,Nakuru,Cash
TXN102083,17/08/2025,Monitor,Computers,2,,69094.56,CUST1224,,Mobile Money
TXN100827,2025-04-24,Keyboard,Accessories,5,45673.28,228366.4,CUST1221,Kisumu,Bank Transfer
TXN101935,2025-03-13,  Tablet ,Mobile,3,16431.36,49294.08,CUST1289,Kisumu,Bank Transfer
TXN102044,2025-12-14,Keyboard,Accessories,2,31032.23,62064.46,CUST1287,Eldoret,Cash
TXN100309,2025-06-03,Phone,Mobile,4,89160.11,356640.44,CUST1303,Kisumu,Bank Transfer
TXN100276,2025-11-10,Tablet,Mobile,4,19704.05,78816.2,CUST1146,Nakuru,Mobile Money
TXN100636,2025-06-14,Monitor,Computers,5,54751.39,273756.95,CUST1258,Nakuru,BANK TRANSFER
TXN100654,2025-09-16,  Phone ,Mobile,5,6601.79,33008.95,CUST1081,Nakuru,Bank Transfer
TXN100622,2025-10-09,Headphones,Accessories,1,45870.18,45870.18,CUST1329,Nakuru,Bank Transfer
TXN101859,2025-11-09,Monitor,Computers,1,44416.86,44416.86,CUST1106,Mombasa,Card
TXN100844,2025-04-06,Monitor,Computers,5,48074.68,240373.4,CUST1101,Eldoret,Bank Transfer
TXN100393,2025-08-19,Headphones,Accessories,1,,57254.0,CUST1251,Mombasa,Cash
TXN102155,2025-12-08,Laptop,Computers,2,49544.86,99089.72,CUST1140,Nairobi,Bank Transfer
TXN100349,2025-03-11,Laptop,Computers,3,37093.59,111280.77,CUST1392,Nakuru,Cash
TXN102572,2025-06-24,Tablet,Mobile,5,38065.49,190327.45,CUST1000,Nakuru,Mobile Money
TXN100784,2025-08-15,Laptop,Computers,2,34939.41,69878.82,CUST1126,Nairobi,Mobile Money
TXN100047,15/11/2025,  Headphones ,Accessories,1,1333.73,1333.73,CUST1288,Nairobi,Card
TXN101978,16/03/2025,Keyboard,Accessories,1,11781.89,11781.89,CUST1324,,BANK TRANSFER
TXN102251,09/04/2025,Phone,Mobile,3,76687.13,230061.39,CUST1262,Kisumu,Card
TXN101655,04/03/2025,  Laptop ,Computers,4,83484.31,333937.24,CUST1054,Mombasa,Cash
TXN102069,20/09/2025,Keyboard,Accessories,1,82211.91,82211.91,CUST1191,Nairobi,Bank Transfer
TXN100402,2025-02-02,Headphones,Accessories,3,44634.59,133903.77,CUST1085,Nakuru,Cash
TXN101107,2025-07-19,Monitor,Computers,4,12536.7,50146.8,CUST1249,Nairobi,Bank Transfer
TXN101154,26/12/2025,Laptop,Computers,4,18244.83,72979.32,CUST1086,Nairobi,BANK TRANSFER
TXN101439,2025-05-31,Monitor,Computers,1,66217.86,66217.86,CUST1310,Mombasa,Mobile Money
TXN102005,11/02/2025,Phone,Mobile,5,55982.87,279914.35,CUST1306,Eldoret,Bank Transfer
TXN102001,2025-04-26,Keyboard,Accessories,5,,240797.5,CUST1206,Nakuru,Bank Transfer
TXN100989,2025-09-08,Laptop,Computers,1,66323.65,66323.65,CUST1334,Nairobi,BANK TRANSFER
TXN101865,2025-07-23,Headphones,Accessories,1,31608.28,31608.28,CUST1360,Mombasa,Bank Transfer
TXN102789,2025-03-21,  Laptop ,Computers,3,16770.14,50310.42,CUST1295,Eldoret,Mobile Money
TXN101310,2025-01-23,Phone,Mobile,2,12821.71,25643.42,CUST1030,,Cash
TXN100033,2025-02-19,Monitor,Computers,4,17541.69,70166.76,CUST1337,Nakuru,Cash
TXN100787,2025-04-12,Headphones,Accessories,4,57647.54,230590.16,CUST1184,Nairobi,Mobile Money
TXN102971,2025-12-29,Headphones,Accessories,3,78141.58,234424.74,CUST1046,Mombasa,Cash
TXN101043,24/03/2025,Monitor,Computers,2,55867.41,111734.82,CUST1364,Eldoret,Cash
TXN100481,15/05/2025,Monitor,Computers,3,47384.95,142154.85,CUST1364,Eldoret,Card
TXN101243,2025-09-01,Laptop,Computers,4,80021.58,320086.32,CUST1109,Nakuru,Card
TXN102627,08/12/2025,Keyboard,Accessories,5,58244.15,291220.75,CUST1374,Kisumu,Bank Transfer
TXN102529,2025-12-07,Laptop,Computers,5,32310.22,161551.1,CUST1190,Kisumu,BANK TRANSFER
TXN100931,2025-04-11,Monitor,Computers,5,52224.86,261124.3,CUST1105,Kisumu,Cash
TXN102404,2025-11-28,Keyboard,Accessories,3,16885.47,50656.41,CUST1254,Kisumu,MOBILE MONEY
TXN101685,25/04/2025,Headphones,Accessories,5,9695.55,48477.75,CUST1024,Nairobi,Mobile Money
TXN101248,2025-10-14,Monitor,Computers,1,67311.42,67311.42,CUST1189,,Bank Transfer
TXN100759,2025-05-30,  Phone ,Mobile,3,28860.6,86581.8,CUST1363,Kisumu,Bank Transfer
TXN100092,17/06/2025,Monitor,Computers,3,19443.6,58330.8,CUST1172,Nakuru,Cash
TXN101175,03/01/2025,Keyboard,Accessories,5,19509.46,97547.3,CUST1269,Eldoret,Mobile Money
TXN101415,2025-11-27,Headphones,Accessories,1,62923.69,62923.69,CUST1075,Kisumu,Bank Transfer
TXN101341,2025-09-20,Laptop,Computers,3,75913.0,227739.0,CUST1279,Nairobi,Cash
TXN101472,02/10/2025,Monitor,Computers,1,35744.79,35744.79,CUST1271,Nakuru,CARD
TXN102851,2025-05-17,Laptop,Computers,1,,5653.49,CUST1206,Nakuru,Bank Transfer
TXN102793,2025-05-17,Headphones,Accessories,5,84602.8,423014.0,CUST1213,Nairobi,Bank Transfer
TXN102327,17/11/2025,Headphones,Accessories,4,5365.9,21463.6,CUST1117,Eldoret,Cash
TXN101607,2025-01-08,Keyboard,Accessories,4,,36871.36,CUST1073,Kisumu,Card
TXN100764,02/12/2025,Headphones,Accessories,5,14397.06,71985.3,CUST1199,Kisumu,Mobile Money
TXN102652,2025-07-28,Headphones,Accessories,1,52996.86,52996.86,CUST1099,Mombasa,Mobile Money
TXN102157,11/01/2025,Laptop,Computers,3,22309.38,66928.14,CUST1313,Nakuru,Bank Transfer
TXN101373,2025-03-11,Laptop,Computers,3,10764.1,32292.3,CUST1167,Nakuru,Bank Transfer
TXN101951,2025-09-26,Headphones,Accessories,5,86888.59,434442.95,CUST1101,Eldoret,Mobile Money
TXN102448,23/11/2025,  Laptop ,Computers,2,39480.61,78961.22,CUST1384,Mombasa,Bank Transfer
TXN101728,2025-05-31,Headphones,Accessories,4,26299.27,105197.08,CUST1007,Nakuru,Card
TXN100257,2025-07-11,Monitor,Computers,1,57392.54,57392.54,CUST1129,Nairobi,Cash
TXN100944,2025-12-27,  Laptop ,Computers,1,51349.39,51349.39,CUST1188,Nairobi,Bank Transfer
TXN101219,2025-02-23,Phone,Mobile,5,54583.91,272919.55,CUST1361,Nairobi,Bank Transfer
TXN101161,2025-06-15,Laptop,Computers,1,42464.9,42464.9,CUST1354,Nakuru,Mobile Money
TXN102542,2025-01-21,  Laptop ,Computers,4,,271324.08,CUST1159,Nakuru,CARD
TXN100772,2025-05-30,  Headphones ,Accessories,1,,69045.29,CUST1305,Mombasa,Card
TXN102598,2025-02-16,Monitor,Computers,5,42105.72,210528.6,CUST1297,Nairobi,Mobile Money
TXN101486,2025-08-03,Keyboard,Accessories,5,54642.55,273212.75,CUST1078,Kisumu,Bank Transfer
TXN102249,2025-12-09,Phone,Mobile,1,89364.26,89364.26,CUST1100,,Cash
TXN100312,2025-01-27,Headphones,Accessories,5,52198.28,260991.4,CUST1298,Nakuru,MOBILE MONEY
TXN100290,25/11/2025,Laptop,Computers,1,4568.83,4568.83,CUST1394,Eldoret,Cash
TXN100763,23/07/2025,Monitor,Computers,5,5317.38,26586.9,CUST1268,,Card
TXN102997,05/10/2025,Laptop,Computers,4,84772.98,339091.92,CUST1395,Kisumu,Card
TXN100183,2025-11-02,Phone,Mobile,3,69805.99,209417.97,CUST1001,Kisumu,Mobile Money
TXN101176,2025-09-13,Monitor,Computers,1,22531.09,22531.09,CUST1346,Nairobi,Cash
TXN101349,19/08/2025,Tablet,Mobile,4,19257.84,77031.36,CUST1285,Nairobi,Cash
TXN100297,16/07/2025,Laptop,Computers,1,26473.97,26473.97,CUST1315,Nakuru,Mobile Money
TXN102298,2025-06-10,  Headphones ,Accessories,3,43880.45,131641.35,CUST1309,,Mobile Money
TXN102871,03/03/2025,Headphones,Accessories,5,12872.54,64362.7,CUST1231,Kisumu,Mobile Money
TXN101099,2025-08-21,Keyboard,Accessories,3,13689.98,41069.94,CUST1055,Nairobi,Cash
TXN102988,16/05/2025,Monitor,Computers,1,73099.07,73099.07,CUST1369,Kisumu,Cash
TXN100391,2025-12-19,  Monitor ,Computers,2,71249.58,142499.16,CUST1370,Nairobi,CASH
TXN101919,08/07/2025,Keyboard,Accessories,3,29896.41,89689.23,CUST1129,Eldoret,Card
TXN101456,2025-06-03,Phone,Mobile,4,65601.89,262407.56,CUST1337,Mombasa,CARD
TXN101092,2025-12-18,  Monitor ,Computers,5,66387.61,331938.05,CUST1227,Mombasa,Bank Transfer
TXN102022,2025-07-09,Keyboard,Accessories,3,2821.67,8465.01,CUST1288,Kisumu,Cash
TXN100904,2025-09-05,Laptop,Computers,4,45786.52,183146.08,CUST1256,Mombasa,Mobile Money
TXN102778,15/03/2025,Laptop,Computers,2,18416.21,36832.42,CUST1330,Nairobi,Cash
TXN102602,2025-06-23,Phone,Mobile,5,49928.82,249644.1,CUST1268,Eldoret,Card
TXN100366,2025-02-07,Tablet,Mobile,5,54461.52,272307.6,CUST1096,Eldoret,Mobile Money
TXN100345,29/01/2025,Laptop,Computers,5,40370.7,201853.5,CUST1232,Mombasa,Bank Transfer
TXN102583,2025-11-19,  Headphones ,Accessories,5,48551.75,242758.75,CUST1389,Mombasa,Card
TXN101372,24/07/2025,Laptop,Computers,4,34613.42,138453.68,CUST1099,Nakuru,CARD
TXN101639,21/02/2025,Tablet,Mobile,5,83486.99,417434.95,CUST1324,Nakuru,Card
TXN100919,2025-12-07,  Headphones ,Accessories,4,16910.1,67640.4,CUST1169,Kisumu,Bank Transfer
TXN100211,09/08/2025,Headphones,Accessories,1,,1191.83,CUST1089,Mombasa,BANK TRANSFER
TXN101603,10/02/2025,Phone,Mobile,2,61572.47,123144.94,CUST1320,Nairobi,Mobile Money
TXN102550,2025-07-27,  Keyboard ,Accessories,3,31311.97,93935.91,CUST1302,Nakuru,Cash
TXN100537,2025-06-13,Laptop,Computers,1,26894.32,26894.32,CUST1133,Nairobi,Card
TXN101220,09/11/2025,Monitor,Computers,1,87732.05,87732.05,CUST1312,Nairobi,Card
TXN100175,2025-01-20,Laptop,Computers,2,4558.54,9117.08,CUST1155,Nakuru,Card
